<annotation>
	<folder>image_dataset</folder>
	<filename>1001_Alqahtani.jpg</filename>
	<path>/home/saad/Saad Alqahtani/image_dataset/1001_Alqahtani.jpg</path>
	<source>
		<database>Unknown</database>
	</source>
	<size>
		<width>3456</width>
		<height>4608</height>
		<depth>3</depth>
	</size>
	<segmented>0</segmented>
	<object>
		<name>1</name>
		<pose>Unspecified</pose>
		<truncated>0</truncated>
		<difficult>0</difficult>
		<bndbox>
			<xmin>1045</xmin>
			<ymin>1864</ymin>
			<xmax>1151</xmax>
			<ymax>2264</ymax>
		</bndbox>
	</object>
	<object>
		<name>0</name>
		<pose>Unspecified</pose>
		<truncated>0</truncated>
		<difficult>0</difficult>
		<bndbox>
			<xmin>1142</xmin>
			<ymin>1874</ymin>
			<xmax>1373</xmax>
			<ymax>2302</ymax>
		</bndbox>
	</object>
	<object>
		<name>0</name>
		<pose>Unspecified</pose>
		<truncated>0</truncated>
		<difficult>0</difficult>
		<bndbox>
			<xmin>1414</xmin>
			<ymin>1921</ymin>
			<xmax>1598</xmax>
			<ymax>2286</ymax>
		</bndbox>
	</object>
	<object>
		<name>1</name>
		<pose>Unspecified</pose>
		<truncated>0</truncated>
		<difficult>0</difficult>
		<bndbox>
			<xmin>1683</xmin>
			<ymin>1949</ymin>
			<xmax>1851</xmax>
			<ymax>2308</ymax>
		</bndbox>
	</object>
</annotation>
