<annotation>
	<folder>image_dataset</folder>
	<filename>1007_Alqahtani.jpg</filename>
	<path>/home/saad/Saad Alqahtani/image_dataset/1007_Alqahtani.jpg</path>
	<source>
		<database>Unknown</database>
	</source>
	<size>
		<width>3456</width>
		<height>4608</height>
		<depth>3</depth>
	</size>
	<segmented>0</segmented>
	<object>
		<name>1</name>
		<pose>Unspecified</pose>
		<truncated>0</truncated>
		<difficult>0</difficult>
		<bndbox>
			<xmin>1661</xmin>
			<ymin>1280</ymin>
			<xmax>1776</xmax>
			<ymax>1605</ymax>
		</bndbox>
	</object>
	<object>
		<name>0</name>
		<pose>Unspecified</pose>
		<truncated>0</truncated>
		<difficult>0</difficult>
		<bndbox>
			<xmin>1804</xmin>
			<ymin>1311</ymin>
			<xmax>1936</xmax>
			<ymax>1624</ymax>
		</bndbox>
	</object>
	<object>
		<name>0</name>
		<pose>Unspecified</pose>
		<truncated>0</truncated>
		<difficult>0</difficult>
		<bndbox>
			<xmin>1951</xmin>
			<ymin>1327</ymin>
			<xmax>2092</xmax>
			<ymax>1608</ymax>
		</bndbox>
	</object>
	<object>
		<name>7</name>
		<pose>Unspecified</pose>
		<truncated>0</truncated>
		<difficult>0</difficult>
		<bndbox>
			<xmin>2136</xmin>
			<ymin>1318</ymin>
			<xmax>2286</xmax>
			<ymax>1618</ymax>
		</bndbox>
	</object>
</annotation>
