<annotation>
	<folder>image_dataset</folder>
	<filename>1028_Alqahtani.jpg</filename>
	<path>/home/saad/Saad Alqahtani/image_dataset/1028_Alqahtani.jpg</path>
	<source>
		<database>Unknown</database>
	</source>
	<size>
		<width>3456</width>
		<height>4608</height>
		<depth>3</depth>
	</size>
	<segmented>0</segmented>
	<object>
		<name>1</name>
		<pose>Unspecified</pose>
		<truncated>0</truncated>
		<difficult>0</difficult>
		<bndbox>
			<xmin>1633</xmin>
			<ymin>1624</ymin>
			<xmax>1773</xmax>
			<ymax>1986</ymax>
		</bndbox>
	</object>
	<object>
		<name>0</name>
		<pose>Unspecified</pose>
		<truncated>0</truncated>
		<difficult>0</difficult>
		<bndbox>
			<xmin>1739</xmin>
			<ymin>1630</ymin>
			<xmax>1954</xmax>
			<ymax>1918</ymax>
		</bndbox>
	</object>
	<object>
		<name>2</name>
		<pose>Unspecified</pose>
		<truncated>0</truncated>
		<difficult>0</difficult>
		<bndbox>
			<xmin>1908</xmin>
			<ymin>1543</ymin>
			<xmax>2098</xmax>
			<ymax>1871</ymax>
		</bndbox>
	</object>
	<object>
		<name>8</name>
		<pose>Unspecified</pose>
		<truncated>0</truncated>
		<difficult>0</difficult>
		<bndbox>
			<xmin>2064</xmin>
			<ymin>1486</ymin>
			<xmax>2270</xmax>
			<ymax>1786</ymax>
		</bndbox>
	</object>
</annotation>
