<annotation>
	<folder>image_dataset</folder>
	<filename>1055_Alqahtani.jpg</filename>
	<path>/home/saad/Saad Alqahtani/image_dataset/1055_Alqahtani.jpg</path>
	<source>
		<database>Unknown</database>
	</source>
	<size>
		<width>3456</width>
		<height>4608</height>
		<depth>3</depth>
	</size>
	<segmented>0</segmented>
	<object>
		<name>1</name>
		<pose>Unspecified</pose>
		<truncated>0</truncated>
		<difficult>0</difficult>
		<bndbox>
			<xmin>1801</xmin>
			<ymin>1708</ymin>
			<xmax>1998</xmax>
			<ymax>1993</ymax>
		</bndbox>
	</object>
	<object>
		<name>0</name>
		<pose>Unspecified</pose>
		<truncated>0</truncated>
		<difficult>0</difficult>
		<bndbox>
			<xmin>1889</xmin>
			<ymin>1786</ymin>
			<xmax>2183</xmax>
			<ymax>2077</ymax>
		</bndbox>
	</object>
	<object>
		<name>5</name>
		<pose>Unspecified</pose>
		<truncated>0</truncated>
		<difficult>0</difficult>
		<bndbox>
			<xmin>2079</xmin>
			<ymin>1849</ymin>
			<xmax>2304</xmax>
			<ymax>2109</ymax>
		</bndbox>
	</object>
	<object>
		<name>5</name>
		<pose>Unspecified</pose>
		<truncated>0</truncated>
		<difficult>0</difficult>
		<bndbox>
			<xmin>2239</xmin>
			<ymin>1877</ymin>
			<xmax>2483</xmax>
			<ymax>2189</ymax>
		</bndbox>
	</object>
</annotation>
