<annotation>
	<folder>image_dataset</folder>
	<filename>345_Alqahtani.jpg</filename>
	<path>/home/saad/Saad Alqahtani/image_dataset/345_Alqahtani.jpg</path>
	<source>
		<database>Unknown</database>
	</source>
	<size>
		<width>3456</width>
		<height>4608</height>
		<depth>3</depth>
	</size>
	<segmented>0</segmented>
	<object>
		<name>3</name>
		<pose>Unspecified</pose>
		<truncated>0</truncated>
		<difficult>0</difficult>
		<bndbox>
			<xmin>2619</xmin>
			<ymin>2222</ymin>
			<xmax>2768</xmax>
			<ymax>2447</ymax>
		</bndbox>
	</object>
	<object>
		<name>4</name>
		<pose>Unspecified</pose>
		<truncated>0</truncated>
		<difficult>0</difficult>
		<bndbox>
			<xmin>2781</xmin>
			<ymin>2241</ymin>
			<xmax>2894</xmax>
			<ymax>2444</ymax>
		</bndbox>
	</object>
	<object>
		<name>5</name>
		<pose>Unspecified</pose>
		<truncated>0</truncated>
		<difficult>0</difficult>
		<bndbox>
			<xmin>2911</xmin>
			<ymin>2239</ymin>
			<xmax>3023</xmax>
			<ymax>2470</ymax>
		</bndbox>
	</object>
</annotation>
