<annotation>
	<folder>image_dataset</folder>
	<filename>345_3_Alqahtani.jpg</filename>
	<path>/home/saad/Saad Alqahtani/image_dataset/345_3_Alqahtani.jpg</path>
	<source>
		<database>Unknown</database>
	</source>
	<size>
		<width>3456</width>
		<height>4608</height>
		<depth>3</depth>
	</size>
	<segmented>0</segmented>
	<object>
		<name>3</name>
		<pose>Unspecified</pose>
		<truncated>0</truncated>
		<difficult>0</difficult>
		<bndbox>
			<xmin>1532</xmin>
			<ymin>1763</ymin>
			<xmax>1647</xmax>
			<ymax>2007</ymax>
		</bndbox>
	</object>
	<object>
		<name>4</name>
		<pose>Unspecified</pose>
		<truncated>0</truncated>
		<difficult>0</difficult>
		<bndbox>
			<xmin>1690</xmin>
			<ymin>1781</ymin>
			<xmax>1808</xmax>
			<ymax>2001</ymax>
		</bndbox>
	</object>
	<object>
		<name>5</name>
		<pose>Unspecified</pose>
		<truncated>0</truncated>
		<difficult>0</difficult>
		<bndbox>
			<xmin>1847</xmin>
			<ymin>1779</ymin>
			<xmax>1964</xmax>
			<ymax>2009</ymax>
		</bndbox>
	</object>
</annotation>
