<annotation>
	<folder>image_dataset</folder>
	<filename>345_4_Alqahtani.jpg</filename>
	<path>/home/saad/Saad Alqahtani/image_dataset/345_4_Alqahtani.jpg</path>
	<source>
		<database>Unknown</database>
	</source>
	<size>
		<width>3456</width>
		<height>4608</height>
		<depth>3</depth>
	</size>
	<segmented>0</segmented>
	<object>
		<name>3</name>
		<pose>Unspecified</pose>
		<truncated>0</truncated>
		<difficult>0</difficult>
		<bndbox>
			<xmin>1731</xmin>
			<ymin>2697</ymin>
			<xmax>1938</xmax>
			<ymax>2977</ymax>
		</bndbox>
	</object>
	<object>
		<name>4</name>
		<pose>Unspecified</pose>
		<truncated>0</truncated>
		<difficult>0</difficult>
		<bndbox>
			<xmin>1936</xmin>
			<ymin>2738</ymin>
			<xmax>2103</xmax>
			<ymax>3005</ymax>
		</bndbox>
	</object>
	<object>
		<name>5</name>
		<pose>Unspecified</pose>
		<truncated>0</truncated>
		<difficult>0</difficult>
		<bndbox>
			<xmin>2083</xmin>
			<ymin>2760</ymin>
			<xmax>2271</xmax>
			<ymax>3059</ymax>
		</bndbox>
	</object>
</annotation>
