<annotation>
	<folder>image_dataset</folder>
	<filename>346_4_Alqahtani.jpg</filename>
	<path>/home/saad/Saad Alqahtani/image_dataset/346_4_Alqahtani.jpg</path>
	<source>
		<database>Unknown</database>
	</source>
	<size>
		<width>3456</width>
		<height>4608</height>
		<depth>3</depth>
	</size>
	<segmented>0</segmented>
	<object>
		<name>3</name>
		<pose>Unspecified</pose>
		<truncated>0</truncated>
		<difficult>0</difficult>
		<bndbox>
			<xmin>1523</xmin>
			<ymin>1519</ymin>
			<xmax>1712</xmax>
			<ymax>1807</ymax>
		</bndbox>
	</object>
	<object>
		<name>4</name>
		<pose>Unspecified</pose>
		<truncated>0</truncated>
		<difficult>0</difficult>
		<bndbox>
			<xmin>1734</xmin>
			<ymin>1543</ymin>
			<xmax>1883</xmax>
			<ymax>1799</ymax>
		</bndbox>
	</object>
	<object>
		<name>6</name>
		<pose>Unspecified</pose>
		<truncated>0</truncated>
		<difficult>0</difficult>
		<bndbox>
			<xmin>1914</xmin>
			<ymin>1542</ymin>
			<xmax>2096</xmax>
			<ymax>1812</ymax>
		</bndbox>
	</object>
</annotation>
