<annotation>
	<folder>image_dataset</folder>
	<filename>346_3_Alqahtani.jpg</filename>
	<path>/home/saad/Saad Alqahtani/image_dataset/346_3_Alqahtani.jpg</path>
	<source>
		<database>Unknown</database>
	</source>
	<size>
		<width>3456</width>
		<height>4608</height>
		<depth>3</depth>
	</size>
	<segmented>0</segmented>
	<object>
		<name>3</name>
		<pose>Unspecified</pose>
		<truncated>0</truncated>
		<difficult>0</difficult>
		<bndbox>
			<xmin>1472</xmin>
			<ymin>3479</ymin>
			<xmax>1599</xmax>
			<ymax>3692</ymax>
		</bndbox>
	</object>
	<object>
		<name>4</name>
		<pose>Unspecified</pose>
		<truncated>0</truncated>
		<difficult>0</difficult>
		<bndbox>
			<xmin>1602</xmin>
			<ymin>3479</ymin>
			<xmax>1692</xmax>
			<ymax>3685</ymax>
		</bndbox>
	</object>
	<object>
		<name>6</name>
		<pose>Unspecified</pose>
		<truncated>0</truncated>
		<difficult>0</difficult>
		<bndbox>
			<xmin>1720</xmin>
			<ymin>3443</ymin>
			<xmax>1820</xmax>
			<ymax>3690</ymax>
		</bndbox>
	</object>
</annotation>
