<annotation>
	<folder>image_dataset</folder>
	<filename>346_1_Alqahtani.jpg</filename>
	<path>/home/saad/Saad Alqahtani/image_dataset/346_1_Alqahtani.jpg</path>
	<source>
		<database>Unknown</database>
	</source>
	<size>
		<width>3456</width>
		<height>4608</height>
		<depth>3</depth>
	</size>
	<segmented>0</segmented>
	<object>
		<name>3</name>
		<pose>Unspecified</pose>
		<truncated>0</truncated>
		<difficult>0</difficult>
		<bndbox>
			<xmin>1609</xmin>
			<ymin>2188</ymin>
			<xmax>1757</xmax>
			<ymax>2449</ymax>
		</bndbox>
	</object>
	<object>
		<name>4</name>
		<pose>Unspecified</pose>
		<truncated>0</truncated>
		<difficult>0</difficult>
		<bndbox>
			<xmin>1757</xmin>
			<ymin>2197</ymin>
			<xmax>1878</xmax>
			<ymax>2433</ymax>
		</bndbox>
	</object>
	<object>
		<name>6</name>
		<pose>Unspecified</pose>
		<truncated>0</truncated>
		<difficult>0</difficult>
		<bndbox>
			<xmin>1887</xmin>
			<ymin>2198</ymin>
			<xmax>2012</xmax>
			<ymax>2447</ymax>
		</bndbox>
	</object>
</annotation>
