<annotation>
	<folder>image_dataset</folder>
	<filename>346_Alqahtani.jpg</filename>
	<path>/home/saad/Saad Alqahtani/image_dataset/346_Alqahtani.jpg</path>
	<source>
		<database>Unknown</database>
	</source>
	<size>
		<width>3456</width>
		<height>4608</height>
		<depth>3</depth>
	</size>
	<segmented>0</segmented>
	<object>
		<name>3</name>
		<pose>Unspecified</pose>
		<truncated>0</truncated>
		<difficult>0</difficult>
		<bndbox>
			<xmin>1640</xmin>
			<ymin>2128</ymin>
			<xmax>1775</xmax>
			<ymax>2401</ymax>
		</bndbox>
	</object>
	<object>
		<name>4</name>
		<pose>Unspecified</pose>
		<truncated>0</truncated>
		<difficult>0</difficult>
		<bndbox>
			<xmin>1802</xmin>
			<ymin>2144</ymin>
			<xmax>1922</xmax>
			<ymax>2376</ymax>
		</bndbox>
	</object>
	<object>
		<name>6</name>
		<pose>Unspecified</pose>
		<truncated>0</truncated>
		<difficult>0</difficult>
		<bndbox>
			<xmin>1927</xmin>
			<ymin>2140</ymin>
			<xmax>2049</xmax>
			<ymax>2419</ymax>
		</bndbox>
	</object>
</annotation>
