<annotation>
	<folder>image_dataset</folder>
	<filename>347_Alqahtani.jpg</filename>
	<path>/home/saad/Saad Alqahtani/image_dataset/347_Alqahtani.jpg</path>
	<source>
		<database>Unknown</database>
	</source>
	<size>
		<width>3456</width>
		<height>4608</height>
		<depth>3</depth>
	</size>
	<segmented>0</segmented>
	<object>
		<name>3</name>
		<pose>Unspecified</pose>
		<truncated>0</truncated>
		<difficult>0</difficult>
		<bndbox>
			<xmin>1665</xmin>
			<ymin>2630</ymin>
			<xmax>1789</xmax>
			<ymax>2885</ymax>
		</bndbox>
	</object>
	<object>
		<name>4</name>
		<pose>Unspecified</pose>
		<truncated>0</truncated>
		<difficult>0</difficult>
		<bndbox>
			<xmin>1793</xmin>
			<ymin>2656</ymin>
			<xmax>1916</xmax>
			<ymax>2897</ymax>
		</bndbox>
	</object>
	<object>
		<name>7</name>
		<pose>Unspecified</pose>
		<truncated>0</truncated>
		<difficult>0</difficult>
		<bndbox>
			<xmin>1933</xmin>
			<ymin>2658</ymin>
			<xmax>2047</xmax>
			<ymax>2883</ymax>
		</bndbox>
	</object>
</annotation>
