<annotation>
	<folder>image_dataset</folder>
	<filename>348_1_Alqahtani.jpg</filename>
	<path>/home/saad/Saad Alqahtani/image_dataset/348_1_Alqahtani.jpg</path>
	<source>
		<database>Unknown</database>
	</source>
	<size>
		<width>3456</width>
		<height>4608</height>
		<depth>3</depth>
	</size>
	<segmented>0</segmented>
	<object>
		<name>3</name>
		<pose>Unspecified</pose>
		<truncated>0</truncated>
		<difficult>0</difficult>
		<bndbox>
			<xmin>908</xmin>
			<ymin>2150</ymin>
			<xmax>1090</xmax>
			<ymax>2375</ymax>
		</bndbox>
	</object>
	<object>
		<name>4</name>
		<pose>Unspecified</pose>
		<truncated>0</truncated>
		<difficult>0</difficult>
		<bndbox>
			<xmin>1092</xmin>
			<ymin>2178</ymin>
			<xmax>1210</xmax>
			<ymax>2352</ymax>
		</bndbox>
	</object>
	<object>
		<name>8</name>
		<pose>Unspecified</pose>
		<truncated>0</truncated>
		<difficult>0</difficult>
		<bndbox>
			<xmin>1195</xmin>
			<ymin>2171</ymin>
			<xmax>1343</xmax>
			<ymax>2391</ymax>
		</bndbox>
	</object>
</annotation>
