<annotation>
	<folder>image_dataset</folder>
	<filename>350_1_Alqahtani.jpg</filename>
	<path>/home/saad/Saad Alqahtani/image_dataset/350_1_Alqahtani.jpg</path>
	<source>
		<database>Unknown</database>
	</source>
	<size>
		<width>3456</width>
		<height>4608</height>
		<depth>3</depth>
	</size>
	<segmented>0</segmented>
	<object>
		<name>3</name>
		<pose>Unspecified</pose>
		<truncated>0</truncated>
		<difficult>0</difficult>
		<bndbox>
			<xmin>1533</xmin>
			<ymin>2953</ymin>
			<xmax>1691</xmax>
			<ymax>3285</ymax>
		</bndbox>
	</object>
	<object>
		<name>5</name>
		<pose>Unspecified</pose>
		<truncated>0</truncated>
		<difficult>0</difficult>
		<bndbox>
			<xmin>1711</xmin>
			<ymin>2918</ymin>
			<xmax>1847</xmax>
			<ymax>3307</ymax>
		</bndbox>
	</object>
	<object>
		<name>0</name>
		<pose>Unspecified</pose>
		<truncated>0</truncated>
		<difficult>0</difficult>
		<bndbox>
			<xmin>1884</xmin>
			<ymin>2949</ymin>
			<xmax>2028</xmax>
			<ymax>3285</ymax>
		</bndbox>
	</object>
</annotation>
