<annotation>
	<folder>image_dataset</folder>
	<filename>350_Alqahtani.jpg</filename>
	<path>/home/saad/Saad Alqahtani/image_dataset/350_Alqahtani.jpg</path>
	<source>
		<database>Unknown</database>
	</source>
	<size>
		<width>3456</width>
		<height>4608</height>
		<depth>3</depth>
	</size>
	<segmented>0</segmented>
	<object>
		<name>3</name>
		<pose>Unspecified</pose>
		<truncated>0</truncated>
		<difficult>0</difficult>
		<bndbox>
			<xmin>1714</xmin>
			<ymin>2568</ymin>
			<xmax>1854</xmax>
			<ymax>2899</ymax>
		</bndbox>
	</object>
	<object>
		<name>5</name>
		<pose>Unspecified</pose>
		<truncated>0</truncated>
		<difficult>0</difficult>
		<bndbox>
			<xmin>1876</xmin>
			<ymin>2605</ymin>
			<xmax>2017</xmax>
			<ymax>2924</ymax>
		</bndbox>
	</object>
	<object>
		<name>0</name>
		<pose>Unspecified</pose>
		<truncated>0</truncated>
		<difficult>0</difficult>
		<bndbox>
			<xmin>2029</xmin>
			<ymin>2574</ymin>
			<xmax>2179</xmax>
			<ymax>2924</ymax>
		</bndbox>
	</object>
</annotation>
