<annotation>
	<folder>image_dataset</folder>
	<filename>350_2_Alqahtani.jpg</filename>
	<path>/home/saad/Saad Alqahtani/image_dataset/350_2_Alqahtani.jpg</path>
	<source>
		<database>Unknown</database>
	</source>
	<size>
		<width>3456</width>
		<height>4608</height>
		<depth>3</depth>
	</size>
	<segmented>0</segmented>
	<object>
		<name>3</name>
		<pose>Unspecified</pose>
		<truncated>0</truncated>
		<difficult>0</difficult>
		<bndbox>
			<xmin>1932</xmin>
			<ymin>2147</ymin>
			<xmax>2093</xmax>
			<ymax>2507</ymax>
		</bndbox>
	</object>
	<object>
		<name>5</name>
		<pose>Unspecified</pose>
		<truncated>0</truncated>
		<difficult>0</difficult>
		<bndbox>
			<xmin>2097</xmin>
			<ymin>2124</ymin>
			<xmax>2274</xmax>
			<ymax>2472</ymax>
		</bndbox>
	</object>
	<object>
		<name>0</name>
		<pose>Unspecified</pose>
		<truncated>0</truncated>
		<difficult>0</difficult>
		<bndbox>
			<xmin>2297</xmin>
			<ymin>2084</ymin>
			<xmax>2449</xmax>
			<ymax>2427</ymax>
		</bndbox>
	</object>
</annotation>
