<annotation>
	<folder>image_dataset</folder>
	<filename>351_1_Alqahtani.jpg</filename>
	<path>/home/saad/Saad Alqahtani/image_dataset/351_1_Alqahtani.jpg</path>
	<source>
		<database>Unknown</database>
	</source>
	<size>
		<width>3456</width>
		<height>4608</height>
		<depth>3</depth>
	</size>
	<segmented>0</segmented>
	<object>
		<name>3</name>
		<pose>Unspecified</pose>
		<truncated>0</truncated>
		<difficult>0</difficult>
		<bndbox>
			<xmin>1573</xmin>
			<ymin>2264</ymin>
			<xmax>1785</xmax>
			<ymax>2566</ymax>
		</bndbox>
	</object>
	<object>
		<name>5</name>
		<pose>Unspecified</pose>
		<truncated>0</truncated>
		<difficult>0</difficult>
		<bndbox>
			<xmin>1816</xmin>
			<ymin>2304</ymin>
			<xmax>1957</xmax>
			<ymax>2615</ymax>
		</bndbox>
	</object>
	<object>
		<name>1</name>
		<pose>Unspecified</pose>
		<truncated>0</truncated>
		<difficult>0</difficult>
		<bndbox>
			<xmin>1985</xmin>
			<ymin>2342</ymin>
			<xmax>2150</xmax>
			<ymax>2684</ymax>
		</bndbox>
	</object>
</annotation>
