<annotation>
	<folder>image_dataset</folder>
	<filename>351_Alqahtani.jpg</filename>
	<path>/home/saad/Saad Alqahtani/image_dataset/351_Alqahtani.jpg</path>
	<source>
		<database>Unknown</database>
	</source>
	<size>
		<width>3456</width>
		<height>4608</height>
		<depth>3</depth>
	</size>
	<segmented>0</segmented>
	<object>
		<name>3</name>
		<pose>Unspecified</pose>
		<truncated>0</truncated>
		<difficult>0</difficult>
		<bndbox>
			<xmin>1731</xmin>
			<ymin>1987</ymin>
			<xmax>1896</xmax>
			<ymax>2308</ymax>
		</bndbox>
	</object>
	<object>
		<name>5</name>
		<pose>Unspecified</pose>
		<truncated>0</truncated>
		<difficult>0</difficult>
		<bndbox>
			<xmin>1917</xmin>
			<ymin>1938</ymin>
			<xmax>2043</xmax>
			<ymax>2300</ymax>
		</bndbox>
	</object>
	<object>
		<name>1</name>
		<pose>Unspecified</pose>
		<truncated>0</truncated>
		<difficult>0</difficult>
		<bndbox>
			<xmin>2137</xmin>
			<ymin>1966</ymin>
			<xmax>2250</xmax>
			<ymax>2303</ymax>
		</bndbox>
	</object>
</annotation>
