<annotation>
	<folder>image_dataset</folder>
	<filename>352_Alqahtani.jpg</filename>
	<path>/home/saad/Saad Alqahtani/image_dataset/352_Alqahtani.jpg</path>
	<source>
		<database>Unknown</database>
	</source>
	<size>
		<width>3456</width>
		<height>4608</height>
		<depth>3</depth>
	</size>
	<segmented>0</segmented>
	<object>
		<name>3</name>
		<pose>Unspecified</pose>
		<truncated>0</truncated>
		<difficult>0</difficult>
		<bndbox>
			<xmin>1766</xmin>
			<ymin>2236</ymin>
			<xmax>1884</xmax>
			<ymax>2504</ymax>
		</bndbox>
	</object>
	<object>
		<name>5</name>
		<pose>Unspecified</pose>
		<truncated>0</truncated>
		<difficult>0</difficult>
		<bndbox>
			<xmin>1901</xmin>
			<ymin>2227</ymin>
			<xmax>2006</xmax>
			<ymax>2492</ymax>
		</bndbox>
	</object>
	<object>
		<name>2</name>
		<pose>Unspecified</pose>
		<truncated>0</truncated>
		<difficult>0</difficult>
		<bndbox>
			<xmin>2026</xmin>
			<ymin>2250</ymin>
			<xmax>2164</xmax>
			<ymax>2505</ymax>
		</bndbox>
	</object>
</annotation>
