<annotation>
	<folder>image_dataset</folder>
	<filename>352_1_Alqahtani.jpg</filename>
	<path>/home/saad/Saad Alqahtani/image_dataset/352_1_Alqahtani.jpg</path>
	<source>
		<database>Unknown</database>
	</source>
	<size>
		<width>3456</width>
		<height>4608</height>
		<depth>3</depth>
	</size>
	<segmented>0</segmented>
	<object>
		<name>3</name>
		<pose>Unspecified</pose>
		<truncated>0</truncated>
		<difficult>0</difficult>
		<bndbox>
			<xmin>1634</xmin>
			<ymin>2840</ymin>
			<xmax>1795</xmax>
			<ymax>3177</ymax>
		</bndbox>
	</object>
	<object>
		<name>5</name>
		<pose>Unspecified</pose>
		<truncated>0</truncated>
		<difficult>0</difficult>
		<bndbox>
			<xmin>1808</xmin>
			<ymin>2814</ymin>
			<xmax>1940</xmax>
			<ymax>3166</ymax>
		</bndbox>
	</object>
	<object>
		<name>2</name>
		<pose>Unspecified</pose>
		<truncated>0</truncated>
		<difficult>0</difficult>
		<bndbox>
			<xmin>1970</xmin>
			<ymin>2827</ymin>
			<xmax>2133</xmax>
			<ymax>3185</ymax>
		</bndbox>
	</object>
</annotation>
