<annotation>
	<folder>image_dataset</folder>
	<filename>355_Alqahtani.jpg</filename>
	<path>/home/saad/Saad Alqahtani/image_dataset/355_Alqahtani.jpg</path>
	<source>
		<database>Unknown</database>
	</source>
	<size>
		<width>3456</width>
		<height>4608</height>
		<depth>3</depth>
	</size>
	<segmented>0</segmented>
	<object>
		<name>3</name>
		<pose>Unspecified</pose>
		<truncated>0</truncated>
		<difficult>0</difficult>
		<bndbox>
			<xmin>1501</xmin>
			<ymin>1489</ymin>
			<xmax>1695</xmax>
			<ymax>1880</ymax>
		</bndbox>
	</object>
	<object>
		<name>5</name>
		<pose>Unspecified</pose>
		<truncated>0</truncated>
		<difficult>0</difficult>
		<bndbox>
			<xmin>1714</xmin>
			<ymin>1499</ymin>
			<xmax>1858</xmax>
			<ymax>1858</ymax>
		</bndbox>
	</object>
	<object>
		<name>5</name>
		<pose>Unspecified</pose>
		<truncated>0</truncated>
		<difficult>0</difficult>
		<bndbox>
			<xmin>1889</xmin>
			<ymin>1471</ymin>
			<xmax>2067</xmax>
			<ymax>1855</ymax>
		</bndbox>
	</object>
</annotation>
