<annotation>
	<folder>image_dataset</folder>
	<filename>363_Alqahtani.jpg</filename>
	<path>/home/saad/Saad Alqahtani/image_dataset/363_Alqahtani.jpg</path>
	<source>
		<database>Unknown</database>
	</source>
	<size>
		<width>3456</width>
		<height>4608</height>
		<depth>3</depth>
	</size>
	<segmented>0</segmented>
	<object>
		<name>3</name>
		<pose>Unspecified</pose>
		<truncated>0</truncated>
		<difficult>0</difficult>
		<bndbox>
			<xmin>1870</xmin>
			<ymin>2483</ymin>
			<xmax>2001</xmax>
			<ymax>2818</ymax>
		</bndbox>
	</object>
	<object>
		<name>6</name>
		<pose>Unspecified</pose>
		<truncated>0</truncated>
		<difficult>0</difficult>
		<bndbox>
			<xmin>2014</xmin>
			<ymin>2468</ymin>
			<xmax>2136</xmax>
			<ymax>2774</ymax>
		</bndbox>
	</object>
	<object>
		<name>3</name>
		<pose>Unspecified</pose>
		<truncated>0</truncated>
		<difficult>0</difficult>
		<bndbox>
			<xmin>2176</xmin>
			<ymin>2458</ymin>
			<xmax>2298</xmax>
			<ymax>2783</ymax>
		</bndbox>
	</object>
</annotation>
