<annotation>
	<folder>image_dataset</folder>
	<filename>364_davis_2.jpg</filename>
	<path>/home/sachin/EE890_Image/image_dataset/364_davis_2.jpg</path>
	<source>
		<database>Unknown</database>
	</source>
	<size>
		<width>3456</width>
		<height>4608</height>
		<depth>3</depth>
	</size>
	<segmented>0</segmented>
	<object>
		<name>3</name>
		<pose>Unspecified</pose>
		<truncated>0</truncated>
		<difficult>0</difficult>
		<bndbox>
			<xmin>1631</xmin>
			<ymin>2197</ymin>
			<xmax>1824</xmax>
			<ymax>2644</ymax>
		</bndbox>
	</object>
	<object>
		<name>6</name>
		<pose>Unspecified</pose>
		<truncated>0</truncated>
		<difficult>0</difficult>
		<bndbox>
			<xmin>1911</xmin>
			<ymin>2204</ymin>
			<xmax>2044</xmax>
			<ymax>2677</ymax>
		</bndbox>
	</object>
	<object>
		<name>4</name>
		<pose>Unspecified</pose>
		<truncated>0</truncated>
		<difficult>0</difficult>
		<bndbox>
			<xmin>2144</xmin>
			<ymin>2237</ymin>
			<xmax>2358</xmax>
			<ymax>2657</ymax>
		</bndbox>
	</object>
</annotation>
