<annotation>
	<folder>image_dataset</folder>
	<filename>364_davis_1.jpg</filename>
	<path>/home/sachin/EE890_Image/image_dataset/364_davis_1.jpg</path>
	<source>
		<database>Unknown</database>
	</source>
	<size>
		<width>3456</width>
		<height>4608</height>
		<depth>3</depth>
	</size>
	<segmented>0</segmented>
	<object>
		<name>3</name>
		<pose>Unspecified</pose>
		<truncated>0</truncated>
		<difficult>0</difficult>
		<bndbox>
			<xmin>1223</xmin>
			<ymin>2114</ymin>
			<xmax>1583</xmax>
			<ymax>2764</ymax>
		</bndbox>
	</object>
	<object>
		<name>6</name>
		<pose>Unspecified</pose>
		<truncated>0</truncated>
		<difficult>0</difficult>
		<bndbox>
			<xmin>1643</xmin>
			<ymin>2154</ymin>
			<xmax>1823</xmax>
			<ymax>2734</ymax>
		</bndbox>
	</object>
	<object>
		<name>4</name>
		<pose>Unspecified</pose>
		<truncated>0</truncated>
		<difficult>0</difficult>
		<bndbox>
			<xmin>1943</xmin>
			<ymin>2204</ymin>
			<xmax>2163</xmax>
			<ymax>2694</ymax>
		</bndbox>
	</object>
</annotation>
