<annotation>
	<folder>image_dataset</folder>
	<filename>368_davis.jpg</filename>
	<path>/home/sachin/EE890_Image/image_dataset/368_davis.jpg</path>
	<source>
		<database>Unknown</database>
	</source>
	<size>
		<width>3456</width>
		<height>4608</height>
		<depth>3</depth>
	</size>
	<segmented>0</segmented>
	<object>
		<name>3</name>
		<pose>Unspecified</pose>
		<truncated>0</truncated>
		<difficult>0</difficult>
		<bndbox>
			<xmin>1584</xmin>
			<ymin>2251</ymin>
			<xmax>1838</xmax>
			<ymax>2777</ymax>
		</bndbox>
	</object>
	<object>
		<name>6</name>
		<pose>Unspecified</pose>
		<truncated>0</truncated>
		<difficult>0</difficult>
		<bndbox>
			<xmin>1891</xmin>
			<ymin>2271</ymin>
			<xmax>2104</xmax>
			<ymax>2797</ymax>
		</bndbox>
	</object>
	<object>
		<name>8</name>
		<pose>Unspecified</pose>
		<truncated>0</truncated>
		<difficult>0</difficult>
		<bndbox>
			<xmin>2164</xmin>
			<ymin>2271</ymin>
			<xmax>2384</xmax>
			<ymax>2871</ymax>
		</bndbox>
	</object>
</annotation>
