<annotation>
	<folder>image_dataset</folder>
	<filename>370_Alqahtani.jpg</filename>
	<path>/home/saad/Saad Alqahtani/image_dataset/370_Alqahtani.jpg</path>
	<source>
		<database>Unknown</database>
	</source>
	<size>
		<width>3456</width>
		<height>4608</height>
		<depth>3</depth>
	</size>
	<segmented>0</segmented>
	<object>
		<name>3</name>
		<pose>Unspecified</pose>
		<truncated>0</truncated>
		<difficult>0</difficult>
		<bndbox>
			<xmin>1733</xmin>
			<ymin>2777</ymin>
			<xmax>1920</xmax>
			<ymax>3183</ymax>
		</bndbox>
	</object>
	<object>
		<name>7</name>
		<pose>Unspecified</pose>
		<truncated>0</truncated>
		<difficult>0</difficult>
		<bndbox>
			<xmin>1933</xmin>
			<ymin>2764</ymin>
			<xmax>2101</xmax>
			<ymax>3136</ymax>
		</bndbox>
	</object>
	<object>
		<name>0</name>
		<pose>Unspecified</pose>
		<truncated>0</truncated>
		<difficult>0</difficult>
		<bndbox>
			<xmin>2117</xmin>
			<ymin>2774</ymin>
			<xmax>2317</xmax>
			<ymax>3143</ymax>
		</bndbox>
	</object>
</annotation>
