<annotation>
	<folder>image_dataset</folder>
	<filename>382_davis.jpg</filename>
	<path>/home/sachin/EE890_Image/image_dataset/382_davis.jpg</path>
	<source>
		<database>Unknown</database>
	</source>
	<size>
		<width>3456</width>
		<height>4608</height>
		<depth>3</depth>
	</size>
	<segmented>0</segmented>
	<object>
		<name>3</name>
		<pose>Unspecified</pose>
		<truncated>0</truncated>
		<difficult>0</difficult>
		<bndbox>
			<xmin>1331</xmin>
			<ymin>2043</ymin>
			<xmax>1598</xmax>
			<ymax>2651</ymax>
		</bndbox>
	</object>
	<object>
		<name>8</name>
		<pose>Unspecified</pose>
		<truncated>0</truncated>
		<difficult>0</difficult>
		<bndbox>
			<xmin>1625</xmin>
			<ymin>2023</ymin>
			<xmax>1918</xmax>
			<ymax>2677</ymax>
		</bndbox>
	</object>
	<object>
		<name>2</name>
		<pose>Unspecified</pose>
		<truncated>0</truncated>
		<difficult>0</difficult>
		<bndbox>
			<xmin>1931</xmin>
			<ymin>2016</ymin>
			<xmax>2191</xmax>
			<ymax>2717</ymax>
		</bndbox>
	</object>
</annotation>
