<annotation>
	<folder>image_dataset</folder>
	<filename>384_davis.jpg</filename>
	<path>/home/sachin/EE890_Image/image_dataset/384_davis.jpg</path>
	<source>
		<database>Unknown</database>
	</source>
	<size>
		<width>3456</width>
		<height>4608</height>
		<depth>3</depth>
	</size>
	<segmented>0</segmented>
	<object>
		<name>3</name>
		<pose>Unspecified</pose>
		<truncated>0</truncated>
		<difficult>0</difficult>
		<bndbox>
			<xmin>1704</xmin>
			<ymin>2204</ymin>
			<xmax>1958</xmax>
			<ymax>2777</ymax>
		</bndbox>
	</object>
	<object>
		<name>8</name>
		<pose>Unspecified</pose>
		<truncated>0</truncated>
		<difficult>0</difficult>
		<bndbox>
			<xmin>1938</xmin>
			<ymin>2197</ymin>
			<xmax>2204</xmax>
			<ymax>2771</ymax>
		</bndbox>
	</object>
	<object>
		<name>4</name>
		<pose>Unspecified</pose>
		<truncated>0</truncated>
		<difficult>0</difficult>
		<bndbox>
			<xmin>2218</xmin>
			<ymin>2204</ymin>
			<xmax>2484</xmax>
			<ymax>2791</ymax>
		</bndbox>
	</object>
</annotation>
