<annotation>
	<folder>Image_dataset</folder>
	<filename>389_AlNasser.jpg</filename>
	<path>/Users/iMontyMac/Desktop/ECE490_DataCollection/Image_dataset/389_AlNasser.jpg</path>
	<source>
		<database>Unknown</database>
	</source>
	<size>
		<width>3024</width>
		<height>4032</height>
		<depth>3</depth>
	</size>
	<segmented>0</segmented>
	<object>
		<name>3</name>
		<pose>Unspecified</pose>
		<truncated>0</truncated>
		<difficult>0</difficult>
		<bndbox>
			<xmin>1358</xmin>
			<ymin>1725</ymin>
			<xmax>1496</xmax>
			<ymax>2069</ymax>
		</bndbox>
	</object>
	<object>
		<name>8</name>
		<pose>Unspecified</pose>
		<truncated>0</truncated>
		<difficult>0</difficult>
		<bndbox>
			<xmin>1496</xmin>
			<ymin>1744</ymin>
			<xmax>1665</xmax>
			<ymax>2062</ymax>
		</bndbox>
	</object>
	<object>
		<name>9</name>
		<pose>Unspecified</pose>
		<truncated>0</truncated>
		<difficult>0</difficult>
		<bndbox>
			<xmin>1658</xmin>
			<ymin>1737</ymin>
			<xmax>1833</xmax>
			<ymax>2069</ymax>
		</bndbox>
	</object>
</annotation>
