<annotation>
	<folder>image_dataset</folder>
	<filename>390_davis.jpg</filename>
	<path>/home/sachin/EE890_Image/image_dataset/390_davis.jpg</path>
	<source>
		<database>Unknown</database>
	</source>
	<size>
		<width>3456</width>
		<height>4608</height>
		<depth>3</depth>
	</size>
	<segmented>0</segmented>
	<object>
		<name>3</name>
		<pose>Unspecified</pose>
		<truncated>0</truncated>
		<difficult>0</difficult>
		<bndbox>
			<xmin>1238</xmin>
			<ymin>2010</ymin>
			<xmax>1538</xmax>
			<ymax>2597</ymax>
		</bndbox>
	</object>
	<object>
		<name>9</name>
		<pose>Unspecified</pose>
		<truncated>0</truncated>
		<difficult>0</difficult>
		<bndbox>
			<xmin>1538</xmin>
			<ymin>1996</ymin>
			<xmax>1864</xmax>
			<ymax>2631</ymax>
		</bndbox>
	</object>
	<object>
		<name>0</name>
		<pose>Unspecified</pose>
		<truncated>0</truncated>
		<difficult>0</difficult>
		<bndbox>
			<xmin>1844</xmin>
			<ymin>1996</ymin>
			<xmax>2131</xmax>
			<ymax>2657</ymax>
		</bndbox>
	</object>
</annotation>
