<annotation>
	<folder>image_dataset</folder>
	<filename>390_Alqahtani.jpg</filename>
	<path>/home/saad/Saad Alqahtani/image_dataset/390_Alqahtani.jpg</path>
	<source>
		<database>Unknown</database>
	</source>
	<size>
		<width>3456</width>
		<height>4608</height>
		<depth>3</depth>
	</size>
	<segmented>0</segmented>
	<object>
		<name>3</name>
		<pose>Unspecified</pose>
		<truncated>0</truncated>
		<difficult>0</difficult>
		<bndbox>
			<xmin>2233</xmin>
			<ymin>2211</ymin>
			<xmax>2370</xmax>
			<ymax>2546</ymax>
		</bndbox>
	</object>
	<object>
		<name>9</name>
		<pose>Unspecified</pose>
		<truncated>0</truncated>
		<difficult>0</difficult>
		<bndbox>
			<xmin>2417</xmin>
			<ymin>2214</ymin>
			<xmax>2548</xmax>
			<ymax>2518</ymax>
		</bndbox>
	</object>
	<object>
		<name>0</name>
		<pose>Unspecified</pose>
		<truncated>0</truncated>
		<difficult>0</difficult>
		<bndbox>
			<xmin>2589</xmin>
			<ymin>2193</ymin>
			<xmax>2748</xmax>
			<ymax>2539</ymax>
		</bndbox>
	</object>
</annotation>
