<annotation>
	<folder>Labeling_Photos</folder>
	<filename>398_Lear1.jpg</filename>
	<path>/Users/sam/Desktop/School Stuff/Fall_2019/EE490_Machine_Learning_Python/Project1/Labeling_Photos/398_Lear1.jpg</path>
	<source>
		<database>Unknown</database>
	</source>
	<size>
		<width>3024</width>
		<height>4032</height>
		<depth>3</depth>
	</size>
	<segmented>0</segmented>
	<object>
		<name>3</name>
		<pose>Unspecified</pose>
		<truncated>0</truncated>
		<difficult>0</difficult>
		<bndbox>
			<xmin>905</xmin>
			<ymin>1687</ymin>
			<xmax>1055</xmax>
			<ymax>1969</ymax>
		</bndbox>
	</object>
	<object>
		<name>9</name>
		<pose>Unspecified</pose>
		<truncated>0</truncated>
		<difficult>0</difficult>
		<bndbox>
			<xmin>1068</xmin>
			<ymin>1681</ymin>
			<xmax>1205</xmax>
			<ymax>1956</ymax>
		</bndbox>
	</object>
	<object>
		<name>8</name>
		<pose>Unspecified</pose>
		<truncated>0</truncated>
		<difficult>0</difficult>
		<bndbox>
			<xmin>1211</xmin>
			<ymin>1669</ymin>
			<xmax>1361</xmax>
			<ymax>1962</ymax>
		</bndbox>
	</object>
</annotation>
