<annotation>
	<folder>image_dataset</folder>
	<filename>399_davis.jpg</filename>
	<path>/home/sachin/EE890_Image/image_dataset/399_davis.jpg</path>
	<source>
		<database>Unknown</database>
	</source>
	<size>
		<width>3456</width>
		<height>4608</height>
		<depth>3</depth>
	</size>
	<segmented>0</segmented>
	<object>
		<name>3</name>
		<pose>Unspecified</pose>
		<truncated>0</truncated>
		<difficult>0</difficult>
		<bndbox>
			<xmin>1564</xmin>
			<ymin>2271</ymin>
			<xmax>1871</xmax>
			<ymax>2884</ymax>
		</bndbox>
	</object>
	<object>
		<name>9</name>
		<pose>Unspecified</pose>
		<truncated>0</truncated>
		<difficult>0</difficult>
		<bndbox>
			<xmin>1864</xmin>
			<ymin>2264</ymin>
			<xmax>2144</xmax>
			<ymax>2877</ymax>
		</bndbox>
	</object>
	<object>
		<name>9</name>
		<pose>Unspecified</pose>
		<truncated>0</truncated>
		<difficult>0</difficult>
		<bndbox>
			<xmin>2151</xmin>
			<ymin>2271</ymin>
			<xmax>2491</xmax>
			<ymax>2857</ymax>
		</bndbox>
	</object>
</annotation>
