<annotation>
	<folder>image_dataset</folder>
	<filename>407_davis.jpg</filename>
	<path>/home/sachin/EE890_Image/image_dataset/407_davis.jpg</path>
	<source>
		<database>Unknown</database>
	</source>
	<size>
		<width>3456</width>
		<height>4608</height>
		<depth>3</depth>
	</size>
	<segmented>0</segmented>
	<object>
		<name>4</name>
		<pose>Unspecified</pose>
		<truncated>0</truncated>
		<difficult>0</difficult>
		<bndbox>
			<xmin>1164</xmin>
			<ymin>2051</ymin>
			<xmax>1464</xmax>
			<ymax>2617</ymax>
		</bndbox>
	</object>
	<object>
		<name>0</name>
		<pose>Unspecified</pose>
		<truncated>0</truncated>
		<difficult>0</difficult>
		<bndbox>
			<xmin>1464</xmin>
			<ymin>2036</ymin>
			<xmax>1778</xmax>
			<ymax>2644</ymax>
		</bndbox>
	</object>
	<object>
		<name>7</name>
		<pose>Unspecified</pose>
		<truncated>0</truncated>
		<difficult>0</difficult>
		<bndbox>
			<xmin>1804</xmin>
			<ymin>2023</ymin>
			<xmax>2111</xmax>
			<ymax>2651</ymax>
		</bndbox>
	</object>
</annotation>
