<annotation>
	<folder>image_dataset</folder>
	<filename>422_davis.jpg</filename>
	<path>/home/sachin/EE890_Image/image_dataset/422_davis.jpg</path>
	<source>
		<database>Unknown</database>
	</source>
	<size>
		<width>3456</width>
		<height>4608</height>
		<depth>3</depth>
	</size>
	<segmented>0</segmented>
	<object>
		<name>4</name>
		<pose>Unspecified</pose>
		<truncated>0</truncated>
		<difficult>0</difficult>
		<bndbox>
			<xmin>1304</xmin>
			<ymin>1883</ymin>
			<xmax>1618</xmax>
			<ymax>2464</ymax>
		</bndbox>
	</object>
	<object>
		<name>2</name>
		<pose>Unspecified</pose>
		<truncated>0</truncated>
		<difficult>0</difficult>
		<bndbox>
			<xmin>1611</xmin>
			<ymin>1876</ymin>
			<xmax>1904</xmax>
			<ymax>2477</ymax>
		</bndbox>
	</object>
	<object>
		<name>2</name>
		<pose>Unspecified</pose>
		<truncated>0</truncated>
		<difficult>0</difficult>
		<bndbox>
			<xmin>1931</xmin>
			<ymin>1883</ymin>
			<xmax>2244</xmax>
			<ymax>2471</ymax>
		</bndbox>
	</object>
</annotation>
