<annotation>
	<folder>image_dataset</folder>
	<filename>430_davis.jpg</filename>
	<path>/home/sachin/EE890_Image/image_dataset/430_davis.jpg</path>
	<source>
		<database>Unknown</database>
	</source>
	<size>
		<width>3456</width>
		<height>4608</height>
		<depth>3</depth>
	</size>
	<segmented>0</segmented>
	<object>
		<name>4</name>
		<pose>Unspecified</pose>
		<truncated>0</truncated>
		<difficult>0</difficult>
		<bndbox>
			<xmin>1284</xmin>
			<ymin>1870</ymin>
			<xmax>1604</xmax>
			<ymax>2477</ymax>
		</bndbox>
	</object>
	<object>
		<name>3</name>
		<pose>Unspecified</pose>
		<truncated>0</truncated>
		<difficult>0</difficult>
		<bndbox>
			<xmin>1618</xmin>
			<ymin>1856</ymin>
			<xmax>1891</xmax>
			<ymax>2524</ymax>
		</bndbox>
	</object>
	<object>
		<name>0</name>
		<pose>Unspecified</pose>
		<truncated>0</truncated>
		<difficult>0</difficult>
		<bndbox>
			<xmin>1918</xmin>
			<ymin>1843</ymin>
			<xmax>2231</xmax>
			<ymax>2517</ymax>
		</bndbox>
	</object>
</annotation>
