<annotation>
	<folder>image_dataset</folder>
	<filename>457_davis.jpg</filename>
	<path>/home/sachin/EE890_Image/image_dataset/457_davis.jpg</path>
	<source>
		<database>Unknown</database>
	</source>
	<size>
		<width>3456</width>
		<height>4608</height>
		<depth>3</depth>
	</size>
	<segmented>0</segmented>
	<object>
		<name>4</name>
		<pose>Unspecified</pose>
		<truncated>0</truncated>
		<difficult>0</difficult>
		<bndbox>
			<xmin>1378</xmin>
			<ymin>2397</ymin>
			<xmax>1591</xmax>
			<ymax>2857</ymax>
		</bndbox>
	</object>
	<object>
		<name>5</name>
		<pose>Unspecified</pose>
		<truncated>0</truncated>
		<difficult>0</difficult>
		<bndbox>
			<xmin>1631</xmin>
			<ymin>2391</ymin>
			<xmax>1811</xmax>
			<ymax>2864</ymax>
		</bndbox>
	</object>
	<object>
		<name>7</name>
		<pose>Unspecified</pose>
		<truncated>0</truncated>
		<difficult>0</difficult>
		<bndbox>
			<xmin>1831</xmin>
			<ymin>2384</ymin>
			<xmax>2044</xmax>
			<ymax>2864</ymax>
		</bndbox>
	</object>
</annotation>
