<annotation>
	<folder>new_image_dataset</folder>
	<filename>465_tung.jpg</filename>
	<path>/Users/tung/Desktop/new_image_dataset/465_tung.jpg</path>
	<source>
		<database>Unknown</database>
	</source>
	<size>
		<width>720</width>
		<height>1280</height>
		<depth>3</depth>
	</size>
	<segmented>0</segmented>
	<object>
		<name>4</name>
		<pose>Unspecified</pose>
		<truncated>0</truncated>
		<difficult>0</difficult>
		<bndbox>
			<xmin>184</xmin>
			<ymin>565</ymin>
			<xmax>218</xmax>
			<ymax>639</ymax>
		</bndbox>
	</object>
	<object>
		<name>6</name>
		<pose>Unspecified</pose>
		<truncated>0</truncated>
		<difficult>0</difficult>
		<bndbox>
			<xmin>220</xmin>
			<ymin>567</ymin>
			<xmax>257</xmax>
			<ymax>642</ymax>
		</bndbox>
	</object>
	<object>
		<name>5</name>
		<pose>Unspecified</pose>
		<truncated>0</truncated>
		<difficult>0</difficult>
		<bndbox>
			<xmin>265</xmin>
			<ymin>563</ymin>
			<xmax>295</xmax>
			<ymax>639</ymax>
		</bndbox>
	</object>
</annotation>
