<annotation>
	<folder>new_image_dataset</folder>
	<filename>465_tung_1.jpg</filename>
	<path>/Users/tung/Desktop/new_image_dataset/465_tung_1.jpg</path>
	<source>
		<database>Unknown</database>
	</source>
	<size>
		<width>720</width>
		<height>1280</height>
		<depth>3</depth>
	</size>
	<segmented>0</segmented>
	<object>
		<name>4</name>
		<pose>Unspecified</pose>
		<truncated>0</truncated>
		<difficult>0</difficult>
		<bndbox>
			<xmin>214</xmin>
			<ymin>544</ymin>
			<xmax>255</xmax>
			<ymax>612</ymax>
		</bndbox>
	</object>
	<object>
		<name>6</name>
		<pose>Unspecified</pose>
		<truncated>0</truncated>
		<difficult>0</difficult>
		<bndbox>
			<xmin>259</xmin>
			<ymin>544</ymin>
			<xmax>295</xmax>
			<ymax>610</ymax>
		</bndbox>
	</object>
	<object>
		<name>5</name>
		<pose>Unspecified</pose>
		<truncated>0</truncated>
		<difficult>0</difficult>
		<bndbox>
			<xmin>297</xmin>
			<ymin>542</ymin>
			<xmax>340</xmax>
			<ymax>616</ymax>
		</bndbox>
	</object>
</annotation>
