<annotation>
	<folder>new_image_dataset</folder>
	<filename>467_tung_1.jpg</filename>
	<path>/Users/tung/Desktop/new_image_dataset/467_tung_1.jpg</path>
	<source>
		<database>Unknown</database>
	</source>
	<size>
		<width>720</width>
		<height>1280</height>
		<depth>3</depth>
	</size>
	<segmented>0</segmented>
	<object>
		<name>4</name>
		<pose>Unspecified</pose>
		<truncated>0</truncated>
		<difficult>0</difficult>
		<bndbox>
			<xmin>214</xmin>
			<ymin>716</ymin>
			<xmax>269</xmax>
			<ymax>825</ymax>
		</bndbox>
	</object>
	<object>
		<name>6</name>
		<pose>Unspecified</pose>
		<truncated>0</truncated>
		<difficult>0</difficult>
		<bndbox>
			<xmin>274</xmin>
			<ymin>710</ymin>
			<xmax>316</xmax>
			<ymax>823</ymax>
		</bndbox>
	</object>
	<object>
		<name>7</name>
		<pose>Unspecified</pose>
		<truncated>0</truncated>
		<difficult>0</difficult>
		<bndbox>
			<xmin>325</xmin>
			<ymin>706</ymin>
			<xmax>378</xmax>
			<ymax>827</ymax>
		</bndbox>
	</object>
</annotation>
