<annotation>
	<folder>image_dataset</folder>
	<filename>477_Alqahtani.jpg</filename>
	<path>/home/saad/Saad Alqahtani/image_dataset/477_Alqahtani.jpg</path>
	<source>
		<database>Unknown</database>
	</source>
	<size>
		<width>3456</width>
		<height>4608</height>
		<depth>3</depth>
	</size>
	<segmented>0</segmented>
	<object>
		<name>4</name>
		<pose>Unspecified</pose>
		<truncated>0</truncated>
		<difficult>0</difficult>
		<bndbox>
			<xmin>786</xmin>
			<ymin>2258</ymin>
			<xmax>964</xmax>
			<ymax>2624</ymax>
		</bndbox>
	</object>
	<object>
		<name>7</name>
		<pose>Unspecified</pose>
		<truncated>0</truncated>
		<difficult>0</difficult>
		<bndbox>
			<xmin>992</xmin>
			<ymin>2258</ymin>
			<xmax>1161</xmax>
			<ymax>2608</ymax>
		</bndbox>
	</object>
	<object>
		<name>7</name>
		<pose>Unspecified</pose>
		<truncated>0</truncated>
		<difficult>0</difficult>
		<bndbox>
			<xmin>1192</xmin>
			<ymin>2261</ymin>
			<xmax>1358</xmax>
			<ymax>2633</ymax>
		</bndbox>
	</object>
</annotation>
