<annotation>
	<folder>image_dataset</folder>
	<filename>478_Alqahtani.jpg</filename>
	<path>/home/saad/Saad Alqahtani/image_dataset/478_Alqahtani.jpg</path>
	<source>
		<database>Unknown</database>
	</source>
	<size>
		<width>3456</width>
		<height>4608</height>
		<depth>3</depth>
	</size>
	<segmented>0</segmented>
	<object>
		<name>4</name>
		<pose>Unspecified</pose>
		<truncated>0</truncated>
		<difficult>0</difficult>
		<bndbox>
			<xmin>1701</xmin>
			<ymin>2280</ymin>
			<xmax>1898</xmax>
			<ymax>2571</ymax>
		</bndbox>
	</object>
	<object>
		<name>7</name>
		<pose>Unspecified</pose>
		<truncated>0</truncated>
		<difficult>0</difficult>
		<bndbox>
			<xmin>1873</xmin>
			<ymin>2239</ymin>
			<xmax>2042</xmax>
			<ymax>2552</ymax>
		</bndbox>
	</object>
	<object>
		<name>8</name>
		<pose>Unspecified</pose>
		<truncated>0</truncated>
		<difficult>0</difficult>
		<bndbox>
			<xmin>2061</xmin>
			<ymin>2189</ymin>
			<xmax>2233</xmax>
			<ymax>2527</ymax>
		</bndbox>
	</object>
</annotation>
