<annotation>
	<folder>image_dataset</folder>
	<filename>480_Alqahtani.jpg</filename>
	<path>/home/saad/Saad Alqahtani/image_dataset/480_Alqahtani.jpg</path>
	<source>
		<database>Unknown</database>
	</source>
	<size>
		<width>3456</width>
		<height>4608</height>
		<depth>3</depth>
	</size>
	<segmented>0</segmented>
	<object>
		<name>4</name>
		<pose>Unspecified</pose>
		<truncated>0</truncated>
		<difficult>0</difficult>
		<bndbox>
			<xmin>1076</xmin>
			<ymin>1686</ymin>
			<xmax>1286</xmax>
			<ymax>2089</ymax>
		</bndbox>
	</object>
	<object>
		<name>8</name>
		<pose>Unspecified</pose>
		<truncated>0</truncated>
		<difficult>0</difficult>
		<bndbox>
			<xmin>1323</xmin>
			<ymin>1674</ymin>
			<xmax>1514</xmax>
			<ymax>2136</ymax>
		</bndbox>
	</object>
	<object>
		<name>0</name>
		<pose>Unspecified</pose>
		<truncated>0</truncated>
		<difficult>0</difficult>
		<bndbox>
			<xmin>1548</xmin>
			<ymin>1689</ymin>
			<xmax>1770</xmax>
			<ymax>2099</ymax>
		</bndbox>
	</object>
</annotation>
