<annotation>
	<folder>image_dataset</folder>
	<filename>481_davis.jpg</filename>
	<path>/home/sachin/EE890_Image/image_dataset/481_davis.jpg</path>
	<source>
		<database>Unknown</database>
	</source>
	<size>
		<width>3456</width>
		<height>4608</height>
		<depth>3</depth>
	</size>
	<segmented>0</segmented>
	<object>
		<name>4</name>
		<pose>Unspecified</pose>
		<truncated>0</truncated>
		<difficult>0</difficult>
		<bndbox>
			<xmin>1311</xmin>
			<ymin>2317</ymin>
			<xmax>1624</xmax>
			<ymax>2891</ymax>
		</bndbox>
	</object>
	<object>
		<name>8</name>
		<pose>Unspecified</pose>
		<truncated>0</truncated>
		<difficult>0</difficult>
		<bndbox>
			<xmin>1638</xmin>
			<ymin>2331</ymin>
			<xmax>1911</xmax>
			<ymax>2937</ymax>
		</bndbox>
	</object>
	<object>
		<name>1</name>
		<pose>Unspecified</pose>
		<truncated>0</truncated>
		<difficult>0</difficult>
		<bndbox>
			<xmin>2058</xmin>
			<ymin>2397</ymin>
			<xmax>2251</xmax>
			<ymax>2971</ymax>
		</bndbox>
	</object>
</annotation>
