<annotation>
	<folder>image_dataset</folder>
	<filename>484_Alqahtani.jpg</filename>
	<path>/home/saad/Saad Alqahtani/image_dataset/484_Alqahtani.jpg</path>
	<source>
		<database>Unknown</database>
	</source>
	<size>
		<width>3456</width>
		<height>4608</height>
		<depth>3</depth>
	</size>
	<segmented>0</segmented>
	<object>
		<name>4</name>
		<pose>Unspecified</pose>
		<truncated>0</truncated>
		<difficult>0</difficult>
		<bndbox>
			<xmin>811</xmin>
			<ymin>1730</ymin>
			<xmax>1079</xmax>
			<ymax>2058</ymax>
		</bndbox>
	</object>
	<object>
		<name>8</name>
		<pose>Unspecified</pose>
		<truncated>0</truncated>
		<difficult>0</difficult>
		<bndbox>
			<xmin>1045</xmin>
			<ymin>1671</ymin>
			<xmax>1251</xmax>
			<ymax>1999</ymax>
		</bndbox>
	</object>
	<object>
		<name>4</name>
		<pose>Unspecified</pose>
		<truncated>0</truncated>
		<difficult>0</difficult>
		<bndbox>
			<xmin>1236</xmin>
			<ymin>1639</ymin>
			<xmax>1464</xmax>
			<ymax>1955</ymax>
		</bndbox>
	</object>
</annotation>
