<annotation>
	<folder>new_image_dataset</folder>
	<filename>486_tung.jpg</filename>
	<path>/Users/tung/Desktop/new_image_dataset/486_tung.jpg</path>
	<source>
		<database>Unknown</database>
	</source>
	<size>
		<width>720</width>
		<height>1280</height>
		<depth>3</depth>
	</size>
	<segmented>0</segmented>
	<object>
		<name>4</name>
		<pose>Unspecified</pose>
		<truncated>0</truncated>
		<difficult>0</difficult>
		<bndbox>
			<xmin>40</xmin>
			<ymin>450</ymin>
			<xmax>97</xmax>
			<ymax>576</ymax>
		</bndbox>
	</object>
	<object>
		<name>8</name>
		<pose>Unspecified</pose>
		<truncated>0</truncated>
		<difficult>0</difficult>
		<bndbox>
			<xmin>99</xmin>
			<ymin>452</ymin>
			<xmax>167</xmax>
			<ymax>593</ymax>
		</bndbox>
	</object>
	<object>
		<name>6</name>
		<pose>Unspecified</pose>
		<truncated>0</truncated>
		<difficult>0</difficult>
		<bndbox>
			<xmin>163</xmin>
			<ymin>461</ymin>
			<xmax>231</xmax>
			<ymax>603</ymax>
		</bndbox>
	</object>
</annotation>
