<annotation>
	<folder>Project1_Raw_Data</folder>
	<filename>486_Xiang.jpg</filename>
	<path>C:\Users\Mingren Xiang\Desktop\Fall2019\Machine Learning class\Project1_Raw_Data\486_Xiang.jpg</path>
	<source>
		<database>Unknown</database>
	</source>
	<size>
		<width>1080</width>
		<height>1440</height>
		<depth>3</depth>
	</size>
	<segmented>0</segmented>
	<object>
		<name>4</name>
		<pose>Unspecified</pose>
		<truncated>0</truncated>
		<difficult>0</difficult>
		<bndbox>
			<xmin>487</xmin>
			<ymin>595</ymin>
			<xmax>533</xmax>
			<ymax>675</ymax>
		</bndbox>
	</object>
	<object>
		<name>8</name>
		<pose>Unspecified</pose>
		<truncated>0</truncated>
		<difficult>0</difficult>
		<bndbox>
			<xmin>530</xmin>
			<ymin>596</ymin>
			<xmax>574</xmax>
			<ymax>675</ymax>
		</bndbox>
	</object>
	<object>
		<name>6</name>
		<pose>Unspecified</pose>
		<truncated>0</truncated>
		<difficult>0</difficult>
		<bndbox>
			<xmin>577</xmin>
			<ymin>596</ymin>
			<xmax>616</xmax>
			<ymax>676</ymax>
		</bndbox>
	</object>
</annotation>
