<annotation>
	<folder>image_dataset</folder>
	<filename>488_davis.jpg</filename>
	<path>/home/sachin/EE890_Image/image_dataset/488_davis.jpg</path>
	<source>
		<database>Unknown</database>
	</source>
	<size>
		<width>3456</width>
		<height>4608</height>
		<depth>3</depth>
	</size>
	<segmented>0</segmented>
	<object>
		<name>4</name>
		<pose>Unspecified</pose>
		<truncated>0</truncated>
		<difficult>0</difficult>
		<bndbox>
			<xmin>1358</xmin>
			<ymin>2317</ymin>
			<xmax>1624</xmax>
			<ymax>2944</ymax>
		</bndbox>
	</object>
	<object>
		<name>8</name>
		<pose>Unspecified</pose>
		<truncated>0</truncated>
		<difficult>0</difficult>
		<bndbox>
			<xmin>1651</xmin>
			<ymin>2357</ymin>
			<xmax>1931</xmax>
			<ymax>2957</ymax>
		</bndbox>
	</object>
	<object>
		<name>8</name>
		<pose>Unspecified</pose>
		<truncated>0</truncated>
		<difficult>0</difficult>
		<bndbox>
			<xmin>1971</xmin>
			<ymin>2364</ymin>
			<xmax>2218</xmax>
			<ymax>2997</ymax>
		</bndbox>
	</object>
</annotation>
