<annotation>
	<folder>image_dataset</folder>
	<filename>490_Alqahtani.jpg</filename>
	<path>/home/saad/Saad Alqahtani/image_dataset/490_Alqahtani.jpg</path>
	<source>
		<database>Unknown</database>
	</source>
	<size>
		<width>3456</width>
		<height>4608</height>
		<depth>3</depth>
	</size>
	<segmented>0</segmented>
	<object>
		<name>4</name>
		<pose>Unspecified</pose>
		<truncated>0</truncated>
		<difficult>0</difficult>
		<bndbox>
			<xmin>992</xmin>
			<ymin>1583</ymin>
			<xmax>1208</xmax>
			<ymax>2002</ymax>
		</bndbox>
	</object>
	<object>
		<name>9</name>
		<pose>Unspecified</pose>
		<truncated>0</truncated>
		<difficult>0</difficult>
		<bndbox>
			<xmin>1223</xmin>
			<ymin>1599</ymin>
			<xmax>1370</xmax>
			<ymax>1968</ymax>
		</bndbox>
	</object>
	<object>
		<name>0</name>
		<pose>Unspecified</pose>
		<truncated>0</truncated>
		<difficult>0</difficult>
		<bndbox>
			<xmin>1420</xmin>
			<ymin>1602</ymin>
			<xmax>1608</xmax>
			<ymax>1983</ymax>
		</bndbox>
	</object>
</annotation>
