<annotation>
	<folder>new_image_dataset</folder>
	<filename>492_tung_2.jpg</filename>
	<path>/Users/tung/Desktop/new_image_dataset/492_tung_2.jpg</path>
	<source>
		<database>Unknown</database>
	</source>
	<size>
		<width>720</width>
		<height>1280</height>
		<depth>3</depth>
	</size>
	<segmented>0</segmented>
	<object>
		<name>4</name>
		<pose>Unspecified</pose>
		<truncated>0</truncated>
		<difficult>0</difficult>
		<bndbox>
			<xmin>133</xmin>
			<ymin>535</ymin>
			<xmax>189</xmax>
			<ymax>654</ymax>
		</bndbox>
	</object>
	<object>
		<name>9</name>
		<pose>Unspecified</pose>
		<truncated>0</truncated>
		<difficult>0</difficult>
		<bndbox>
			<xmin>191</xmin>
			<ymin>535</ymin>
			<xmax>238</xmax>
			<ymax>657</ymax>
		</bndbox>
	</object>
	<object>
		<name>2</name>
		<pose>Unspecified</pose>
		<truncated>0</truncated>
		<difficult>0</difficult>
		<bndbox>
			<xmin>242</xmin>
			<ymin>535</ymin>
			<xmax>308</xmax>
			<ymax>671</ymax>
		</bndbox>
	</object>
</annotation>
