<annotation>
	<folder>new_image_dataset</folder>
	<filename>492_tung_1.jpg</filename>
	<path>/Users/tung/Desktop/new_image_dataset/492_tung_1.jpg</path>
	<source>
		<database>Unknown</database>
	</source>
	<size>
		<width>720</width>
		<height>1280</height>
		<depth>3</depth>
	</size>
	<segmented>0</segmented>
	<object>
		<name>4</name>
		<pose>Unspecified</pose>
		<truncated>0</truncated>
		<difficult>0</difficult>
		<bndbox>
			<xmin>225</xmin>
			<ymin>510</ymin>
			<xmax>276</xmax>
			<ymax>589</ymax>
		</bndbox>
	</object>
	<object>
		<name>9</name>
		<pose>Unspecified</pose>
		<truncated>0</truncated>
		<difficult>0</difficult>
		<bndbox>
			<xmin>274</xmin>
			<ymin>505</ymin>
			<xmax>310</xmax>
			<ymax>595</ymax>
		</bndbox>
	</object>
	<object>
		<name>2</name>
		<pose>Unspecified</pose>
		<truncated>0</truncated>
		<difficult>0</difficult>
		<bndbox>
			<xmin>314</xmin>
			<ymin>503</ymin>
			<xmax>355</xmax>
			<ymax>603</ymax>
		</bndbox>
	</object>
</annotation>
