<annotation>
	<folder>new_image_dataset</folder>
	<filename>492_tung_3.jpg</filename>
	<path>/Users/tung/Desktop/new_image_dataset/492_tung_3.jpg</path>
	<source>
		<database>Unknown</database>
	</source>
	<size>
		<width>720</width>
		<height>1280</height>
		<depth>3</depth>
	</size>
	<segmented>0</segmented>
	<object>
		<name>4</name>
		<pose>Unspecified</pose>
		<truncated>0</truncated>
		<difficult>0</difficult>
		<bndbox>
			<xmin>127</xmin>
			<ymin>527</ymin>
			<xmax>186</xmax>
			<ymax>644</ymax>
		</bndbox>
	</object>
	<object>
		<name>9</name>
		<pose>Unspecified</pose>
		<truncated>0</truncated>
		<difficult>0</difficult>
		<bndbox>
			<xmin>187</xmin>
			<ymin>533</ymin>
			<xmax>242</xmax>
			<ymax>663</ymax>
		</bndbox>
	</object>
	<object>
		<name>2</name>
		<pose>Unspecified</pose>
		<truncated>0</truncated>
		<difficult>0</difficult>
		<bndbox>
			<xmin>233</xmin>
			<ymin>555</ymin>
			<xmax>303</xmax>
			<ymax>672</ymax>
		</bndbox>
	</object>
</annotation>
