<annotation>
	<folder>image_dataset</folder>
	<filename>497_Alqahtani.jpg</filename>
	<path>/home/saad/Saad Alqahtani/image_dataset/497_Alqahtani.jpg</path>
	<source>
		<database>Unknown</database>
	</source>
	<size>
		<width>3456</width>
		<height>4608</height>
		<depth>3</depth>
	</size>
	<segmented>0</segmented>
	<object>
		<name>4</name>
		<pose>Unspecified</pose>
		<truncated>0</truncated>
		<difficult>0</difficult>
		<bndbox>
			<xmin>1392</xmin>
			<ymin>2008</ymin>
			<xmax>1614</xmax>
			<ymax>2393</ymax>
		</bndbox>
	</object>
	<object>
		<name>9</name>
		<pose>Unspecified</pose>
		<truncated>0</truncated>
		<difficult>0</difficult>
		<bndbox>
			<xmin>1611</xmin>
			<ymin>1977</ymin>
			<xmax>1776</xmax>
			<ymax>2371</ymax>
		</bndbox>
	</object>
	<object>
		<name>7</name>
		<pose>Unspecified</pose>
		<truncated>0</truncated>
		<difficult>0</difficult>
		<bndbox>
			<xmin>1801</xmin>
			<ymin>1961</ymin>
			<xmax>2036</xmax>
			<ymax>2364</ymax>
		</bndbox>
	</object>
</annotation>
