<annotation>
	<folder>Project1_Raw_Data</folder>
	<filename>499_Xiang_1.jpg</filename>
	<path>C:\Users\Mingren Xiang\Desktop\Fall2019\Machine Learning class\Project1_Raw_Data\499_Xiang_1.jpg</path>
	<source>
		<database>Unknown</database>
	</source>
	<size>
		<width>1080</width>
		<height>1440</height>
		<depth>3</depth>
	</size>
	<segmented>0</segmented>
	<object>
		<name>4</name>
		<pose>Unspecified</pose>
		<truncated>0</truncated>
		<difficult>0</difficult>
		<bndbox>
			<xmin>459</xmin>
			<ymin>573</ymin>
			<xmax>521</xmax>
			<ymax>688</ymax>
		</bndbox>
	</object>
	<object>
		<name>9</name>
		<pose>Unspecified</pose>
		<truncated>0</truncated>
		<difficult>0</difficult>
		<bndbox>
			<xmin>523</xmin>
			<ymin>574</ymin>
			<xmax>577</xmax>
			<ymax>681</ymax>
		</bndbox>
	</object>
	<object>
		<name>9</name>
		<pose>Unspecified</pose>
		<truncated>0</truncated>
		<difficult>0</difficult>
		<bndbox>
			<xmin>588</xmin>
			<ymin>569</ymin>
			<xmax>640</xmax>
			<ymax>684</ymax>
		</bndbox>
	</object>
</annotation>
