<annotation>
	<folder>new_image_dataset</folder>
	<filename>500_tung.jpg</filename>
	<path>/Users/tung/Desktop/new_image_dataset/500_tung.jpg</path>
	<source>
		<database>Unknown</database>
	</source>
	<size>
		<width>720</width>
		<height>1280</height>
		<depth>3</depth>
	</size>
	<segmented>0</segmented>
	<object>
		<name>5</name>
		<pose>Unspecified</pose>
		<truncated>0</truncated>
		<difficult>0</difficult>
		<bndbox>
			<xmin>152</xmin>
			<ymin>542</ymin>
			<xmax>203</xmax>
			<ymax>661</ymax>
		</bndbox>
	</object>
	<object>
		<name>0</name>
		<pose>Unspecified</pose>
		<truncated>0</truncated>
		<difficult>0</difficult>
		<bndbox>
			<xmin>208</xmin>
			<ymin>546</ymin>
			<xmax>255</xmax>
			<ymax>663</ymax>
		</bndbox>
	</object>
	<object>
		<name>0</name>
		<pose>Unspecified</pose>
		<truncated>0</truncated>
		<difficult>0</difficult>
		<bndbox>
			<xmin>253</xmin>
			<ymin>548</ymin>
			<xmax>316</xmax>
			<ymax>663</ymax>
		</bndbox>
	</object>
</annotation>
