<annotation>
	<folder>image_dataset</folder>
	<filename>501_davis.jpg</filename>
	<path>/home/sachin/EE890_Image/image_dataset/501_davis.jpg</path>
	<source>
		<database>Unknown</database>
	</source>
	<size>
		<width>3456</width>
		<height>4608</height>
		<depth>3</depth>
	</size>
	<segmented>0</segmented>
	<object>
		<name>5</name>
		<pose>Unspecified</pose>
		<truncated>0</truncated>
		<difficult>0</difficult>
		<bndbox>
			<xmin>1451</xmin>
			<ymin>2404</ymin>
			<xmax>1764</xmax>
			<ymax>3077</ymax>
		</bndbox>
	</object>
	<object>
		<name>0</name>
		<pose>Unspecified</pose>
		<truncated>0</truncated>
		<difficult>0</difficult>
		<bndbox>
			<xmin>1784</xmin>
			<ymin>2397</ymin>
			<xmax>2078</xmax>
			<ymax>3084</ymax>
		</bndbox>
	</object>
	<object>
		<name>1</name>
		<pose>Unspecified</pose>
		<truncated>0</truncated>
		<difficult>0</difficult>
		<bndbox>
			<xmin>2271</xmin>
			<ymin>2464</ymin>
			<xmax>2444</xmax>
			<ymax>3131</ymax>
		</bndbox>
	</object>
</annotation>
