<annotation>
	<folder>image_dataset</folder>
	<filename>509_Alqahtani.jpg</filename>
	<path>/home/saad/Saad Alqahtani/image_dataset/509_Alqahtani.jpg</path>
	<source>
		<database>Unknown</database>
	</source>
	<size>
		<width>3456</width>
		<height>4608</height>
		<depth>3</depth>
	</size>
	<segmented>0</segmented>
	<object>
		<name>5</name>
		<pose>Unspecified</pose>
		<truncated>0</truncated>
		<difficult>0</difficult>
		<bndbox>
			<xmin>1633</xmin>
			<ymin>1983</ymin>
			<xmax>1858</xmax>
			<ymax>2471</ymax>
		</bndbox>
	</object>
	<object>
		<name>0</name>
		<pose>Unspecified</pose>
		<truncated>0</truncated>
		<difficult>0</difficult>
		<bndbox>
			<xmin>1870</xmin>
			<ymin>2014</ymin>
			<xmax>2079</xmax>
			<ymax>2436</ymax>
		</bndbox>
	</object>
	<object>
		<name>9</name>
		<pose>Unspecified</pose>
		<truncated>0</truncated>
		<difficult>0</difficult>
		<bndbox>
			<xmin>2129</xmin>
			<ymin>2014</ymin>
			<xmax>2351</xmax>
			<ymax>2452</ymax>
		</bndbox>
	</object>
</annotation>
