<annotation>
	<folder>image_dataset</folder>
	<filename>510_Alqahtani.jpg</filename>
	<path>/home/saad/Saad Alqahtani/image_dataset/510_Alqahtani.jpg</path>
	<source>
		<database>Unknown</database>
	</source>
	<size>
		<width>3456</width>
		<height>4608</height>
		<depth>3</depth>
	</size>
	<segmented>0</segmented>
	<object>
		<name>5</name>
		<pose>Unspecified</pose>
		<truncated>0</truncated>
		<difficult>0</difficult>
		<bndbox>
			<xmin>1794</xmin>
			<ymin>2164</ymin>
			<xmax>1910</xmax>
			<ymax>2370</ymax>
		</bndbox>
	</object>
	<object>
		<name>1</name>
		<pose>Unspecified</pose>
		<truncated>0</truncated>
		<difficult>0</difficult>
		<bndbox>
			<xmin>1957</xmin>
			<ymin>2162</ymin>
			<xmax>2021</xmax>
			<ymax>2337</ymax>
		</bndbox>
	</object>
	<object>
		<name>0</name>
		<pose>Unspecified</pose>
		<truncated>0</truncated>
		<difficult>0</difficult>
		<bndbox>
			<xmin>2035</xmin>
			<ymin>2146</ymin>
			<xmax>2128</xmax>
			<ymax>2349</ymax>
		</bndbox>
	</object>
</annotation>
