<annotation>
	<folder>image_dataset</folder>
	<filename>510_1_Alqahtani.jpg</filename>
	<path>/home/saad/Saad Alqahtani/image_dataset/510_1_Alqahtani.jpg</path>
	<source>
		<database>Unknown</database>
	</source>
	<size>
		<width>3456</width>
		<height>4608</height>
		<depth>3</depth>
	</size>
	<segmented>0</segmented>
	<object>
		<name>5</name>
		<pose>Unspecified</pose>
		<truncated>0</truncated>
		<difficult>0</difficult>
		<bndbox>
			<xmin>2136</xmin>
			<ymin>2080</ymin>
			<xmax>2289</xmax>
			<ymax>2318</ymax>
		</bndbox>
	</object>
	<object>
		<name>1</name>
		<pose>Unspecified</pose>
		<truncated>0</truncated>
		<difficult>0</difficult>
		<bndbox>
			<xmin>2319</xmin>
			<ymin>2094</ymin>
			<xmax>2382</xmax>
			<ymax>2287</ymax>
		</bndbox>
	</object>
	<object>
		<name>0</name>
		<pose>Unspecified</pose>
		<truncated>0</truncated>
		<difficult>0</difficult>
		<bndbox>
			<xmin>2395</xmin>
			<ymin>2074</ymin>
			<xmax>2501</xmax>
			<ymax>2280</ymax>
		</bndbox>
	</object>
</annotation>
