<annotation>
	<folder>image_dataset</folder>
	<filename>511_Alqahtani.jpg</filename>
	<path>/home/saad/Saad Alqahtani/image_dataset/511_Alqahtani.jpg</path>
	<source>
		<database>Unknown</database>
	</source>
	<size>
		<width>3456</width>
		<height>4608</height>
		<depth>3</depth>
	</size>
	<segmented>0</segmented>
	<object>
		<name>5</name>
		<pose>Unspecified</pose>
		<truncated>0</truncated>
		<difficult>0</difficult>
		<bndbox>
			<xmin>1702</xmin>
			<ymin>1717</ymin>
			<xmax>2031</xmax>
			<ymax>2074</ymax>
		</bndbox>
	</object>
	<object>
		<name>1</name>
		<pose>Unspecified</pose>
		<truncated>0</truncated>
		<difficult>0</difficult>
		<bndbox>
			<xmin>2004</xmin>
			<ymin>1886</ymin>
			<xmax>2257</xmax>
			<ymax>2147</ymax>
		</bndbox>
	</object>
	<object>
		<name>1</name>
		<pose>Unspecified</pose>
		<truncated>0</truncated>
		<difficult>0</difficult>
		<bndbox>
			<xmin>2219</xmin>
			<ymin>1962</ymin>
			<xmax>2457</xmax>
			<ymax>2250</ymax>
		</bndbox>
	</object>
</annotation>
