<annotation>
	<folder>image_dataset</folder>
	<filename>512_davis.jpg</filename>
	<path>/home/sachin/EE890_Image/image_dataset/512_davis.jpg</path>
	<source>
		<database>Unknown</database>
	</source>
	<size>
		<width>3456</width>
		<height>4608</height>
		<depth>3</depth>
	</size>
	<segmented>0</segmented>
	<object>
		<name>5</name>
		<pose>Unspecified</pose>
		<truncated>0</truncated>
		<difficult>0</difficult>
		<bndbox>
			<xmin>1338</xmin>
			<ymin>2371</ymin>
			<xmax>1698</xmax>
			<ymax>3084</ymax>
		</bndbox>
	</object>
	<object>
		<name>1</name>
		<pose>Unspecified</pose>
		<truncated>0</truncated>
		<difficult>0</difficult>
		<bndbox>
			<xmin>1811</xmin>
			<ymin>2411</ymin>
			<xmax>2024</xmax>
			<ymax>3097</ymax>
		</bndbox>
	</object>
	<object>
		<name>2</name>
		<pose>Unspecified</pose>
		<truncated>0</truncated>
		<difficult>0</difficult>
		<bndbox>
			<xmin>2051</xmin>
			<ymin>2417</ymin>
			<xmax>2344</xmax>
			<ymax>3091</ymax>
		</bndbox>
	</object>
</annotation>
