<annotation>
	<folder>image_dataset</folder>
	<filename>513_Alqahtani.jpg</filename>
	<path>/home/saad/Saad Alqahtani/image_dataset/513_Alqahtani.jpg</path>
	<source>
		<database>Unknown</database>
	</source>
	<size>
		<width>3456</width>
		<height>4608</height>
		<depth>3</depth>
	</size>
	<segmented>0</segmented>
	<object>
		<name>5</name>
		<pose>Unspecified</pose>
		<truncated>0</truncated>
		<difficult>0</difficult>
		<bndbox>
			<xmin>1333</xmin>
			<ymin>1946</ymin>
			<xmax>1533</xmax>
			<ymax>2324</ymax>
		</bndbox>
	</object>
	<object>
		<name>1</name>
		<pose>Unspecified</pose>
		<truncated>0</truncated>
		<difficult>0</difficult>
		<bndbox>
			<xmin>1589</xmin>
			<ymin>1952</ymin>
			<xmax>1704</xmax>
			<ymax>2318</ymax>
		</bndbox>
	</object>
	<object>
		<name>3</name>
		<pose>Unspecified</pose>
		<truncated>0</truncated>
		<difficult>0</difficult>
		<bndbox>
			<xmin>1767</xmin>
			<ymin>1958</ymin>
			<xmax>1933</xmax>
			<ymax>2343</ymax>
		</bndbox>
	</object>
</annotation>
