<annotation>
	<folder>Project1_Raw_Data</folder>
	<filename>519_Xiang.jpg</filename>
	<path>C:\Users\Mingren Xiang\Desktop\Fall2019\Machine Learning class\Project1_Raw_Data\519_Xiang.jpg</path>
	<source>
		<database>Unknown</database>
	</source>
	<size>
		<width>1080</width>
		<height>1440</height>
		<depth>3</depth>
	</size>
	<segmented>0</segmented>
	<object>
		<name>5</name>
		<pose>Unspecified</pose>
		<truncated>0</truncated>
		<difficult>0</difficult>
		<bndbox>
			<xmin>490</xmin>
			<ymin>572</ymin>
			<xmax>559</xmax>
			<ymax>716</ymax>
		</bndbox>
	</object>
	<object>
		<name>1</name>
		<pose>Unspecified</pose>
		<truncated>0</truncated>
		<difficult>0</difficult>
		<bndbox>
			<xmin>602</xmin>
			<ymin>587</ymin>
			<xmax>647</xmax>
			<ymax>722</ymax>
		</bndbox>
	</object>
	<object>
		<name>9</name>
		<pose>Unspecified</pose>
		<truncated>0</truncated>
		<difficult>0</difficult>
		<bndbox>
			<xmin>655</xmin>
			<ymin>588</ymin>
			<xmax>722</xmax>
			<ymax>728</ymax>
		</bndbox>
	</object>
</annotation>
