<annotation>
	<folder>new_image_dataset</folder>
	<filename>526_tung_1.jpg</filename>
	<path>/Users/tung/Desktop/new_image_dataset/526_tung_1.jpg</path>
	<source>
		<database>Unknown</database>
	</source>
	<size>
		<width>720</width>
		<height>1280</height>
		<depth>3</depth>
	</size>
	<segmented>0</segmented>
	<object>
		<name>5</name>
		<pose>Unspecified</pose>
		<truncated>0</truncated>
		<difficult>0</difficult>
		<bndbox>
			<xmin>131</xmin>
			<ymin>486</ymin>
			<xmax>191</xmax>
			<ymax>591</ymax>
		</bndbox>
	</object>
	<object>
		<name>2</name>
		<pose>Unspecified</pose>
		<truncated>0</truncated>
		<difficult>0</difficult>
		<bndbox>
			<xmin>180</xmin>
			<ymin>491</ymin>
			<xmax>255</xmax>
			<ymax>591</ymax>
		</bndbox>
	</object>
	<object>
		<name>6</name>
		<pose>Unspecified</pose>
		<truncated>0</truncated>
		<difficult>0</difficult>
		<bndbox>
			<xmin>240</xmin>
			<ymin>495</ymin>
			<xmax>314</xmax>
			<ymax>601</ymax>
		</bndbox>
	</object>
</annotation>
