<annotation>
	<folder>new_image_dataset</folder>
	<filename>532_tung.jpg</filename>
	<path>/Users/tung/Desktop/new_image_dataset/532_tung.jpg</path>
	<source>
		<database>Unknown</database>
	</source>
	<size>
		<width>720</width>
		<height>1280</height>
		<depth>3</depth>
	</size>
	<segmented>0</segmented>
	<object>
		<name>5</name>
		<pose>Unspecified</pose>
		<truncated>0</truncated>
		<difficult>0</difficult>
		<bndbox>
			<xmin>176</xmin>
			<ymin>412</ymin>
			<xmax>238</xmax>
			<ymax>505</ymax>
		</bndbox>
	</object>
	<object>
		<name>3</name>
		<pose>Unspecified</pose>
		<truncated>0</truncated>
		<difficult>0</difficult>
		<bndbox>
			<xmin>235</xmin>
			<ymin>406</ymin>
			<xmax>299</xmax>
			<ymax>512</ymax>
		</bndbox>
	</object>
	<object>
		<name>2</name>
		<pose>Unspecified</pose>
		<truncated>0</truncated>
		<difficult>0</difficult>
		<bndbox>
			<xmin>286</xmin>
			<ymin>423</ymin>
			<xmax>355</xmax>
			<ymax>520</ymax>
		</bndbox>
	</object>
</annotation>
