<annotation>
	<folder>new_image_dataset</folder>
	<filename>532_tung_1.jpg</filename>
	<path>/Users/tung/Desktop/new_image_dataset/532_tung_1.jpg</path>
	<source>
		<database>Unknown</database>
	</source>
	<size>
		<width>720</width>
		<height>1280</height>
		<depth>3</depth>
	</size>
	<segmented>0</segmented>
	<object>
		<name>5</name>
		<pose>Unspecified</pose>
		<truncated>0</truncated>
		<difficult>0</difficult>
		<bndbox>
			<xmin>210</xmin>
			<ymin>510</ymin>
			<xmax>272</xmax>
			<ymax>614</ymax>
		</bndbox>
	</object>
	<object>
		<name>3</name>
		<pose>Unspecified</pose>
		<truncated>0</truncated>
		<difficult>0</difficult>
		<bndbox>
			<xmin>265</xmin>
			<ymin>508</ymin>
			<xmax>320</xmax>
			<ymax>620</ymax>
		</bndbox>
	</object>
	<object>
		<name>2</name>
		<pose>Unspecified</pose>
		<truncated>0</truncated>
		<difficult>0</difficult>
		<bndbox>
			<xmin>310</xmin>
			<ymin>512</ymin>
			<xmax>372</xmax>
			<ymax>625</ymax>
		</bndbox>
	</object>
</annotation>
