<annotation>
	<folder>image_dataset</folder>
	<filename>538_davis.jpg</filename>
	<path>/home/sachin/EE890_Image/image_dataset/538_davis.jpg</path>
	<source>
		<database>Unknown</database>
	</source>
	<size>
		<width>3456</width>
		<height>4608</height>
		<depth>3</depth>
	</size>
	<segmented>0</segmented>
	<object>
		<name>5</name>
		<pose>Unspecified</pose>
		<truncated>0</truncated>
		<difficult>0</difficult>
		<bndbox>
			<xmin>1371</xmin>
			<ymin>2277</ymin>
			<xmax>1684</xmax>
			<ymax>2877</ymax>
		</bndbox>
	</object>
	<object>
		<name>3</name>
		<pose>Unspecified</pose>
		<truncated>0</truncated>
		<difficult>0</difficult>
		<bndbox>
			<xmin>1704</xmin>
			<ymin>2271</ymin>
			<xmax>1991</xmax>
			<ymax>2924</ymax>
		</bndbox>
	</object>
	<object>
		<name>8</name>
		<pose>Unspecified</pose>
		<truncated>0</truncated>
		<difficult>0</difficult>
		<bndbox>
			<xmin>2004</xmin>
			<ymin>2257</ymin>
			<xmax>2318</xmax>
			<ymax>2937</ymax>
		</bndbox>
	</object>
</annotation>
