<annotation>
	<folder>new_image_dataset</folder>
	<filename>538_tung.jpg</filename>
	<path>/Users/tung/Desktop/new_image_dataset/538_tung.jpg</path>
	<source>
		<database>Unknown</database>
	</source>
	<size>
		<width>720</width>
		<height>1280</height>
		<depth>3</depth>
	</size>
	<segmented>0</segmented>
	<object>
		<name>5</name>
		<pose>Unspecified</pose>
		<truncated>0</truncated>
		<difficult>0</difficult>
		<bndbox>
			<xmin>123</xmin>
			<ymin>472</ymin>
			<xmax>186</xmax>
			<ymax>567</ymax>
		</bndbox>
	</object>
	<object>
		<name>3</name>
		<pose>Unspecified</pose>
		<truncated>0</truncated>
		<difficult>0</difficult>
		<bndbox>
			<xmin>180</xmin>
			<ymin>474</ymin>
			<xmax>237</xmax>
			<ymax>572</ymax>
		</bndbox>
	</object>
	<object>
		<name>8</name>
		<pose>Unspecified</pose>
		<truncated>0</truncated>
		<difficult>0</difficult>
		<bndbox>
			<xmin>212</xmin>
			<ymin>488</ymin>
			<xmax>282</xmax>
			<ymax>578</ymax>
		</bndbox>
	</object>
</annotation>
