<annotation>
	<folder>image_dataset</folder>
	<filename>540_Alqahtani.jpg</filename>
	<path>/home/saad/Saad Alqahtani/image_dataset/540_Alqahtani.jpg</path>
	<source>
		<database>Unknown</database>
	</source>
	<size>
		<width>3456</width>
		<height>4608</height>
		<depth>3</depth>
	</size>
	<segmented>0</segmented>
	<object>
		<name>5</name>
		<pose>Unspecified</pose>
		<truncated>0</truncated>
		<difficult>0</difficult>
		<bndbox>
			<xmin>1420</xmin>
			<ymin>1936</ymin>
			<xmax>1595</xmax>
			<ymax>2280</ymax>
		</bndbox>
	</object>
	<object>
		<name>4</name>
		<pose>Unspecified</pose>
		<truncated>0</truncated>
		<difficult>0</difficult>
		<bndbox>
			<xmin>1623</xmin>
			<ymin>1949</ymin>
			<xmax>1736</xmax>
			<ymax>2252</ymax>
		</bndbox>
	</object>
	<object>
		<name>0</name>
		<pose>Unspecified</pose>
		<truncated>0</truncated>
		<difficult>0</difficult>
		<bndbox>
			<xmin>1783</xmin>
			<ymin>1955</ymin>
			<xmax>1926</xmax>
			<ymax>2230</ymax>
		</bndbox>
	</object>
</annotation>
