<annotation>
	<folder>image_dataset</folder>
	<filename>542_davis.jpg</filename>
	<path>/home/sachin/EE890_Image/image_dataset/542_davis.jpg</path>
	<source>
		<database>Unknown</database>
	</source>
	<size>
		<width>3456</width>
		<height>4608</height>
		<depth>3</depth>
	</size>
	<segmented>0</segmented>
	<object>
		<name>5</name>
		<pose>Unspecified</pose>
		<truncated>0</truncated>
		<difficult>0</difficult>
		<bndbox>
			<xmin>1331</xmin>
			<ymin>2377</ymin>
			<xmax>1651</xmax>
			<ymax>3051</ymax>
		</bndbox>
	</object>
	<object>
		<name>4</name>
		<pose>Unspecified</pose>
		<truncated>0</truncated>
		<difficult>0</difficult>
		<bndbox>
			<xmin>1671</xmin>
			<ymin>2371</ymin>
			<xmax>1944</xmax>
			<ymax>3064</ymax>
		</bndbox>
	</object>
	<object>
		<name>2</name>
		<pose>Unspecified</pose>
		<truncated>0</truncated>
		<difficult>0</difficult>
		<bndbox>
			<xmin>1964</xmin>
			<ymin>2364</ymin>
			<xmax>2298</xmax>
			<ymax>3071</ymax>
		</bndbox>
	</object>
</annotation>
