<annotation>
	<folder>new_image_dataset</folder>
	<filename>542_tung.jpg</filename>
	<path>/Users/tung/Desktop/new_image_dataset/542_tung.jpg</path>
	<source>
		<database>Unknown</database>
	</source>
	<size>
		<width>720</width>
		<height>1280</height>
		<depth>3</depth>
	</size>
	<segmented>0</segmented>
	<object>
		<name>5</name>
		<pose>Unspecified</pose>
		<truncated>0</truncated>
		<difficult>0</difficult>
		<bndbox>
			<xmin>304</xmin>
			<ymin>472</ymin>
			<xmax>372</xmax>
			<ymax>580</ymax>
		</bndbox>
	</object>
	<object>
		<name>4</name>
		<pose>Unspecified</pose>
		<truncated>0</truncated>
		<difficult>0</difficult>
		<bndbox>
			<xmin>367</xmin>
			<ymin>476</ymin>
			<xmax>420</xmax>
			<ymax>578</ymax>
		</bndbox>
	</object>
	<object>
		<name>2</name>
		<pose>Unspecified</pose>
		<truncated>0</truncated>
		<difficult>0</difficult>
		<bndbox>
			<xmin>412</xmin>
			<ymin>478</ymin>
			<xmax>482</xmax>
			<ymax>584</ymax>
		</bndbox>
	</object>
</annotation>
