<annotation>
	<folder>image_dataset</folder>
	<filename>543_Alqahtnai.jpg</filename>
	<path>/home/saad/Saad Alqahtani/image_dataset/543_Alqahtnai.jpg</path>
	<source>
		<database>Unknown</database>
	</source>
	<size>
		<width>3456</width>
		<height>4608</height>
		<depth>3</depth>
	</size>
	<segmented>0</segmented>
	<object>
		<name>5</name>
		<pose>Unspecified</pose>
		<truncated>0</truncated>
		<difficult>0</difficult>
		<bndbox>
			<xmin>1939</xmin>
			<ymin>2086</ymin>
			<xmax>2120</xmax>
			<ymax>2474</ymax>
		</bndbox>
	</object>
	<object>
		<name>4</name>
		<pose>Unspecified</pose>
		<truncated>0</truncated>
		<difficult>0</difficult>
		<bndbox>
			<xmin>2170</xmin>
			<ymin>2099</ymin>
			<xmax>2345</xmax>
			<ymax>2483</ymax>
		</bndbox>
	</object>
	<object>
		<name>3</name>
		<pose>Unspecified</pose>
		<truncated>0</truncated>
		<difficult>0</difficult>
		<bndbox>
			<xmin>2420</xmin>
			<ymin>2083</ymin>
			<xmax>2579</xmax>
			<ymax>2477</ymax>
		</bndbox>
	</object>
</annotation>
