<annotation>
	<folder>new_image_dataset</folder>
	<filename>544_tung.jpg</filename>
	<path>/Users/tung/Desktop/new_image_dataset/544_tung.jpg</path>
	<source>
		<database>Unknown</database>
	</source>
	<size>
		<width>720</width>
		<height>1280</height>
		<depth>3</depth>
	</size>
	<segmented>0</segmented>
	<object>
		<name>5</name>
		<pose>Unspecified</pose>
		<truncated>0</truncated>
		<difficult>0</difficult>
		<bndbox>
			<xmin>186</xmin>
			<ymin>552</ymin>
			<xmax>246</xmax>
			<ymax>646</ymax>
		</bndbox>
	</object>
	<object>
		<name>4</name>
		<pose>Unspecified</pose>
		<truncated>0</truncated>
		<difficult>0</difficult>
		<bndbox>
			<xmin>242</xmin>
			<ymin>550</ymin>
			<xmax>297</xmax>
			<ymax>648</ymax>
		</bndbox>
	</object>
	<object>
		<name>4</name>
		<pose>Unspecified</pose>
		<truncated>0</truncated>
		<difficult>0</difficult>
		<bndbox>
			<xmin>293</xmin>
			<ymin>559</ymin>
			<xmax>350</xmax>
			<ymax>648</ymax>
		</bndbox>
	</object>
</annotation>
