<annotation>
	<folder>new_image_dataset</folder>
	<filename>546_tung_1.jpg</filename>
	<path>/Users/tung/Desktop/new_image_dataset/546_tung_1.jpg</path>
	<source>
		<database>Unknown</database>
	</source>
	<size>
		<width>720</width>
		<height>1280</height>
		<depth>3</depth>
	</size>
	<segmented>0</segmented>
	<object>
		<name>5</name>
		<pose>Unspecified</pose>
		<truncated>0</truncated>
		<difficult>0</difficult>
		<bndbox>
			<xmin>169</xmin>
			<ymin>518</ymin>
			<xmax>221</xmax>
			<ymax>612</ymax>
		</bndbox>
	</object>
	<object>
		<name>4</name>
		<pose>Unspecified</pose>
		<truncated>0</truncated>
		<difficult>0</difficult>
		<bndbox>
			<xmin>223</xmin>
			<ymin>527</ymin>
			<xmax>272</xmax>
			<ymax>622</ymax>
		</bndbox>
	</object>
	<object>
		<name>6</name>
		<pose>Unspecified</pose>
		<truncated>0</truncated>
		<difficult>0</difficult>
		<bndbox>
			<xmin>265</xmin>
			<ymin>531</ymin>
			<xmax>331</xmax>
			<ymax>627</ymax>
		</bndbox>
	</object>
</annotation>
