<annotation>
	<folder>new_image_dataset</folder>
	<filename>546_tung.jpg</filename>
	<path>/Users/tung/Desktop/new_image_dataset/546_tung.jpg</path>
	<source>
		<database>Unknown</database>
	</source>
	<size>
		<width>720</width>
		<height>1280</height>
		<depth>3</depth>
	</size>
	<segmented>0</segmented>
	<object>
		<name>5</name>
		<pose>Unspecified</pose>
		<truncated>0</truncated>
		<difficult>0</difficult>
		<bndbox>
			<xmin>150</xmin>
			<ymin>486</ymin>
			<xmax>199</xmax>
			<ymax>601</ymax>
		</bndbox>
	</object>
	<object>
		<name>4</name>
		<pose>Unspecified</pose>
		<truncated>0</truncated>
		<difficult>0</difficult>
		<bndbox>
			<xmin>203</xmin>
			<ymin>491</ymin>
			<xmax>261</xmax>
			<ymax>599</ymax>
		</bndbox>
	</object>
	<object>
		<name>6</name>
		<pose>Unspecified</pose>
		<truncated>0</truncated>
		<difficult>0</difficult>
		<bndbox>
			<xmin>255</xmin>
			<ymin>489</ymin>
			<xmax>331</xmax>
			<ymax>601</ymax>
		</bndbox>
	</object>
</annotation>
