<annotation>
	<folder>new_image_dataset</folder>
	<filename>549_tung.jpg</filename>
	<path>/Users/tung/Desktop/new_image_dataset/549_tung.jpg</path>
	<source>
		<database>Unknown</database>
	</source>
	<size>
		<width>720</width>
		<height>1280</height>
		<depth>3</depth>
	</size>
	<segmented>0</segmented>
	<object>
		<name>5</name>
		<pose>Unspecified</pose>
		<truncated>0</truncated>
		<difficult>0</difficult>
		<bndbox>
			<xmin>199</xmin>
			<ymin>474</ymin>
			<xmax>253</xmax>
			<ymax>591</ymax>
		</bndbox>
	</object>
	<object>
		<name>4</name>
		<pose>Unspecified</pose>
		<truncated>0</truncated>
		<difficult>0</difficult>
		<bndbox>
			<xmin>257</xmin>
			<ymin>474</ymin>
			<xmax>312</xmax>
			<ymax>593</ymax>
		</bndbox>
	</object>
	<object>
		<name>9</name>
		<pose>Unspecified</pose>
		<truncated>0</truncated>
		<difficult>0</difficult>
		<bndbox>
			<xmin>306</xmin>
			<ymin>486</ymin>
			<xmax>372</xmax>
			<ymax>599</ymax>
		</bndbox>
	</object>
</annotation>
