<annotation>
	<folder>Image_dataset</folder>
	<filename>555_AlNasser.jpg</filename>
	<path>/Users/iMontyMac/Desktop/ECE490_DataCollection/Image_dataset/555_AlNasser.jpg</path>
	<source>
		<database>Unknown</database>
	</source>
	<size>
		<width>3024</width>
		<height>4032</height>
		<depth>3</depth>
	</size>
	<segmented>0</segmented>
	<object>
		<name>5</name>
		<pose>Unspecified</pose>
		<truncated>0</truncated>
		<difficult>0</difficult>
		<bndbox>
			<xmin>1171</xmin>
			<ymin>2637</ymin>
			<xmax>1415</xmax>
			<ymax>3131</ymax>
		</bndbox>
	</object>
	<object>
		<name>5</name>
		<pose>Unspecified</pose>
		<truncated>0</truncated>
		<difficult>0</difficult>
		<bndbox>
			<xmin>1458</xmin>
			<ymin>2625</ymin>
			<xmax>1671</xmax>
			<ymax>3137</ymax>
		</bndbox>
	</object>
	<object>
		<name>5</name>
		<pose>Unspecified</pose>
		<truncated>0</truncated>
		<difficult>0</difficult>
		<bndbox>
			<xmin>1683</xmin>
			<ymin>2631</ymin>
			<xmax>1946</xmax>
			<ymax>3125</ymax>
		</bndbox>
	</object>
</annotation>
