<annotation>
	<folder>image_dataset</folder>
	<filename>557_Alqahtani.jpg</filename>
	<path>/home/saad/Saad Alqahtani/image_dataset/557_Alqahtani.jpg</path>
	<source>
		<database>Unknown</database>
	</source>
	<size>
		<width>3456</width>
		<height>4608</height>
		<depth>3</depth>
	</size>
	<segmented>0</segmented>
	<object>
		<name>5</name>
		<pose>Unspecified</pose>
		<truncated>0</truncated>
		<difficult>0</difficult>
		<bndbox>
			<xmin>1765</xmin>
			<ymin>2295</ymin>
			<xmax>1876</xmax>
			<ymax>2496</ymax>
		</bndbox>
	</object>
	<object>
		<name>5</name>
		<pose>Unspecified</pose>
		<truncated>0</truncated>
		<difficult>0</difficult>
		<bndbox>
			<xmin>1881</xmin>
			<ymin>2289</ymin>
			<xmax>1984</xmax>
			<ymax>2494</ymax>
		</bndbox>
	</object>
	<object>
		<name>7</name>
		<pose>Unspecified</pose>
		<truncated>0</truncated>
		<difficult>0</difficult>
		<bndbox>
			<xmin>1998</xmin>
			<ymin>2272</ymin>
			<xmax>2115</xmax>
			<ymax>2471</ymax>
		</bndbox>
	</object>
</annotation>
