<annotation>
	<folder>image_dataset</folder>
	<filename>559_Alqahtani.jpg</filename>
	<path>/home/saad/Saad Alqahtani/image_dataset/559_Alqahtani.jpg</path>
	<source>
		<database>Unknown</database>
	</source>
	<size>
		<width>3456</width>
		<height>4608</height>
		<depth>3</depth>
	</size>
	<segmented>0</segmented>
	<object>
		<name>5</name>
		<pose>Unspecified</pose>
		<truncated>0</truncated>
		<difficult>0</difficult>
		<bndbox>
			<xmin>2332</xmin>
			<ymin>2268</ymin>
			<xmax>2458</xmax>
			<ymax>2484</ymax>
		</bndbox>
	</object>
	<object>
		<name>5</name>
		<pose>Unspecified</pose>
		<truncated>0</truncated>
		<difficult>0</difficult>
		<bndbox>
			<xmin>2460</xmin>
			<ymin>2268</ymin>
			<xmax>2561</xmax>
			<ymax>2471</ymax>
		</bndbox>
	</object>
	<object>
		<name>9</name>
		<pose>Unspecified</pose>
		<truncated>0</truncated>
		<difficult>0</difficult>
		<bndbox>
			<xmin>2574</xmin>
			<ymin>2244</ymin>
			<xmax>2687</xmax>
			<ymax>2453</ymax>
		</bndbox>
	</object>
</annotation>
