<annotation>
	<folder>new_image_dataset</folder>
	<filename>566_tung.jpg</filename>
	<path>/Users/tung/Desktop/new_image_dataset/566_tung.jpg</path>
	<source>
		<database>Unknown</database>
	</source>
	<size>
		<width>720</width>
		<height>1280</height>
		<depth>3</depth>
	</size>
	<segmented>0</segmented>
	<object>
		<name>5</name>
		<pose>Unspecified</pose>
		<truncated>0</truncated>
		<difficult>0</difficult>
		<bndbox>
			<xmin>238</xmin>
			<ymin>491</ymin>
			<xmax>293</xmax>
			<ymax>567</ymax>
		</bndbox>
	</object>
	<object>
		<name>6</name>
		<pose>Unspecified</pose>
		<truncated>0</truncated>
		<difficult>0</difficult>
		<bndbox>
			<xmin>282</xmin>
			<ymin>488</ymin>
			<xmax>327</xmax>
			<ymax>576</ymax>
		</bndbox>
	</object>
	<object>
		<name>6</name>
		<pose>Unspecified</pose>
		<truncated>0</truncated>
		<difficult>0</difficult>
		<bndbox>
			<xmin>318</xmin>
			<ymin>489</ymin>
			<xmax>363</xmax>
			<ymax>571</ymax>
		</bndbox>
	</object>
</annotation>
