<annotation>
	<folder>image_dataset</folder>
	<filename>569_Alqahtani.jpg</filename>
	<path>/home/saad/Saad Alqahtani/image_dataset/569_Alqahtani.jpg</path>
	<source>
		<database>Unknown</database>
	</source>
	<size>
		<width>3456</width>
		<height>4608</height>
		<depth>3</depth>
	</size>
	<segmented>0</segmented>
	<object>
		<name>5</name>
		<pose>Unspecified</pose>
		<truncated>0</truncated>
		<difficult>0</difficult>
		<bndbox>
			<xmin>1801</xmin>
			<ymin>1883</ymin>
			<xmax>1973</xmax>
			<ymax>2283</ymax>
		</bndbox>
	</object>
	<object>
		<name>6</name>
		<pose>Unspecified</pose>
		<truncated>0</truncated>
		<difficult>0</difficult>
		<bndbox>
			<xmin>2023</xmin>
			<ymin>1874</ymin>
			<xmax>2179</xmax>
			<ymax>2249</ymax>
		</bndbox>
	</object>
	<object>
		<name>9</name>
		<pose>Unspecified</pose>
		<truncated>0</truncated>
		<difficult>0</difficult>
		<bndbox>
			<xmin>2233</xmin>
			<ymin>1908</ymin>
			<xmax>2395</xmax>
			<ymax>2246</ymax>
		</bndbox>
	</object>
</annotation>
