<annotation>
	<folder>new_image_dataset</folder>
	<filename>573_tung_1.jpg</filename>
	<path>/Users/tung/Desktop/new_image_dataset/573_tung_1.jpg</path>
	<source>
		<database>Unknown</database>
	</source>
	<size>
		<width>720</width>
		<height>1280</height>
		<depth>3</depth>
	</size>
	<segmented>0</segmented>
	<object>
		<name>5</name>
		<pose>Unspecified</pose>
		<truncated>0</truncated>
		<difficult>0</difficult>
		<bndbox>
			<xmin>189</xmin>
			<ymin>572</ymin>
			<xmax>255</xmax>
			<ymax>705</ymax>
		</bndbox>
	</object>
	<object>
		<name>7</name>
		<pose>Unspecified</pose>
		<truncated>0</truncated>
		<difficult>0</difficult>
		<bndbox>
			<xmin>250</xmin>
			<ymin>582</ymin>
			<xmax>310</xmax>
			<ymax>701</ymax>
		</bndbox>
	</object>
	<object>
		<name>3</name>
		<pose>Unspecified</pose>
		<truncated>0</truncated>
		<difficult>0</difficult>
		<bndbox>
			<xmin>299</xmin>
			<ymin>584</ymin>
			<xmax>367</xmax>
			<ymax>708</ymax>
		</bndbox>
	</object>
</annotation>
