<annotation>
	<folder>new_image_dataset</folder>
	<filename>577_tung.jpg</filename>
	<path>/Users/tung/Desktop/new_image_dataset/577_tung.jpg</path>
	<source>
		<database>Unknown</database>
	</source>
	<size>
		<width>720</width>
		<height>1280</height>
		<depth>3</depth>
	</size>
	<segmented>0</segmented>
	<object>
		<name>5</name>
		<pose>Unspecified</pose>
		<truncated>0</truncated>
		<difficult>0</difficult>
		<bndbox>
			<xmin>69</xmin>
			<ymin>495</ymin>
			<xmax>142</xmax>
			<ymax>622</ymax>
		</bndbox>
	</object>
	<object>
		<name>7</name>
		<pose>Unspecified</pose>
		<truncated>0</truncated>
		<difficult>0</difficult>
		<bndbox>
			<xmin>146</xmin>
			<ymin>499</ymin>
			<xmax>206</xmax>
			<ymax>612</ymax>
		</bndbox>
	</object>
	<object>
		<name>7</name>
		<pose>Unspecified</pose>
		<truncated>0</truncated>
		<difficult>0</difficult>
		<bndbox>
			<xmin>199</xmin>
			<ymin>501</ymin>
			<xmax>265</xmax>
			<ymax>629</ymax>
		</bndbox>
	</object>
</annotation>
