<annotation>
	<folder>new_image_dataset</folder>
	<filename>580_tung_1.jpg</filename>
	<path>/Users/tung/Desktop/new_image_dataset/580_tung_1.jpg</path>
	<source>
		<database>Unknown</database>
	</source>
	<size>
		<width>720</width>
		<height>1280</height>
		<depth>3</depth>
	</size>
	<segmented>0</segmented>
	<object>
		<name>5</name>
		<pose>Unspecified</pose>
		<truncated>0</truncated>
		<difficult>0</difficult>
		<bndbox>
			<xmin>210</xmin>
			<ymin>427</ymin>
			<xmax>267</xmax>
			<ymax>531</ymax>
		</bndbox>
	</object>
	<object>
		<name>8</name>
		<pose>Unspecified</pose>
		<truncated>0</truncated>
		<difficult>0</difficult>
		<bndbox>
			<xmin>267</xmin>
			<ymin>439</ymin>
			<xmax>312</xmax>
			<ymax>527</ymax>
		</bndbox>
	</object>
	<object>
		<name>0</name>
		<pose>Unspecified</pose>
		<truncated>0</truncated>
		<difficult>0</difficult>
		<bndbox>
			<xmin>308</xmin>
			<ymin>444</ymin>
			<xmax>369</xmax>
			<ymax>533</ymax>
		</bndbox>
	</object>
</annotation>
