<annotation>
	<folder>image_dataset</folder>
	<filename>581_davis.jpg</filename>
	<path>/home/sachin/EE890_Image/image_dataset/581_davis.jpg</path>
	<source>
		<database>Unknown</database>
	</source>
	<size>
		<width>3456</width>
		<height>4608</height>
		<depth>3</depth>
	</size>
	<segmented>0</segmented>
	<object>
		<name>5</name>
		<pose>Unspecified</pose>
		<truncated>0</truncated>
		<difficult>0</difficult>
		<bndbox>
			<xmin>1258</xmin>
			<ymin>2091</ymin>
			<xmax>1551</xmax>
			<ymax>2691</ymax>
		</bndbox>
	</object>
	<object>
		<name>8</name>
		<pose>Unspecified</pose>
		<truncated>0</truncated>
		<difficult>0</difficult>
		<bndbox>
			<xmin>1551</xmin>
			<ymin>2091</ymin>
			<xmax>1871</xmax>
			<ymax>2697</ymax>
		</bndbox>
	</object>
	<object>
		<name>1</name>
		<pose>Unspecified</pose>
		<truncated>0</truncated>
		<difficult>0</difficult>
		<bndbox>
			<xmin>1958</xmin>
			<ymin>2077</ymin>
			<xmax>2184</xmax>
			<ymax>2671</ymax>
		</bndbox>
	</object>
</annotation>
