<annotation>
	<folder>image_dataset</folder>
	<filename>586_davis.jpg</filename>
	<path>/home/sachin/EE890_Image/image_dataset/586_davis.jpg</path>
	<source>
		<database>Unknown</database>
	</source>
	<size>
		<width>3456</width>
		<height>4608</height>
		<depth>3</depth>
	</size>
	<segmented>0</segmented>
	<object>
		<name>5</name>
		<pose>Unspecified</pose>
		<truncated>0</truncated>
		<difficult>0</difficult>
		<bndbox>
			<xmin>1511</xmin>
			<ymin>1896</ymin>
			<xmax>1864</xmax>
			<ymax>2591</ymax>
		</bndbox>
	</object>
	<object>
		<name>8</name>
		<pose>Unspecified</pose>
		<truncated>0</truncated>
		<difficult>0</difficult>
		<bndbox>
			<xmin>1864</xmin>
			<ymin>1883</ymin>
			<xmax>2164</xmax>
			<ymax>2577</ymax>
		</bndbox>
	</object>
	<object>
		<name>6</name>
		<pose>Unspecified</pose>
		<truncated>0</truncated>
		<difficult>0</difficult>
		<bndbox>
			<xmin>2218</xmin>
			<ymin>1883</ymin>
			<xmax>2524</xmax>
			<ymax>2551</ymax>
		</bndbox>
	</object>
</annotation>
