<annotation>
	<folder>image_dataset</folder>
	<filename>587_davis_2.jpg</filename>
	<path>/home/sachin/EE890_Image/image_dataset/587_davis_2.jpg</path>
	<source>
		<database>Unknown</database>
	</source>
	<size>
		<width>3456</width>
		<height>4608</height>
		<depth>3</depth>
	</size>
	<segmented>0</segmented>
	<object>
		<name>5</name>
		<pose>Unspecified</pose>
		<truncated>0</truncated>
		<difficult>0</difficult>
		<bndbox>
			<xmin>1198</xmin>
			<ymin>2064</ymin>
			<xmax>1524</xmax>
			<ymax>2737</ymax>
		</bndbox>
	</object>
	<object>
		<name>8</name>
		<pose>Unspecified</pose>
		<truncated>0</truncated>
		<difficult>0</difficult>
		<bndbox>
			<xmin>1504</xmin>
			<ymin>2064</ymin>
			<xmax>1824</xmax>
			<ymax>2684</ymax>
		</bndbox>
	</object>
	<object>
		<name>7</name>
		<pose>Unspecified</pose>
		<truncated>0</truncated>
		<difficult>0</difficult>
		<bndbox>
			<xmin>1871</xmin>
			<ymin>2057</ymin>
			<xmax>2131</xmax>
			<ymax>2651</ymax>
		</bndbox>
	</object>
</annotation>
