<annotation>
	<folder>image_dataset</folder>
	<filename>587_davis_1.jpg</filename>
	<path>/home/sachin/EE890_Image/image_dataset/587_davis_1.jpg</path>
	<source>
		<database>Unknown</database>
	</source>
	<size>
		<width>3456</width>
		<height>4608</height>
		<depth>3</depth>
	</size>
	<segmented>0</segmented>
	<object>
		<name>5</name>
		<pose>Unspecified</pose>
		<truncated>0</truncated>
		<difficult>0</difficult>
		<bndbox>
			<xmin>1351</xmin>
			<ymin>2324</ymin>
			<xmax>1644</xmax>
			<ymax>2917</ymax>
		</bndbox>
	</object>
	<object>
		<name>8</name>
		<pose>Unspecified</pose>
		<truncated>0</truncated>
		<difficult>0</difficult>
		<bndbox>
			<xmin>1651</xmin>
			<ymin>2337</ymin>
			<xmax>1918</xmax>
			<ymax>2931</ymax>
		</bndbox>
	</object>
	<object>
		<name>7</name>
		<pose>Unspecified</pose>
		<truncated>0</truncated>
		<difficult>0</difficult>
		<bndbox>
			<xmin>1978</xmin>
			<ymin>2311</ymin>
			<xmax>2258</xmax>
			<ymax>2917</ymax>
		</bndbox>
	</object>
</annotation>
