<annotation>
	<folder>image_dataset</folder>
	<filename>595_tung.jpg</filename>
	<path>/Users/tung/OneDrive - UWM/EE890_490/Project1_dataset/Che-Wei/image_dataset/595_tung.jpg</path>
	<source>
		<database>Unknown</database>
	</source>
	<size>
		<width>720</width>
		<height>1280</height>
		<depth>3</depth>
	</size>
	<segmented>0</segmented>
	<object>
		<name>5</name>
		<pose>Unspecified</pose>
		<truncated>0</truncated>
		<difficult>0</difficult>
		<bndbox>
			<xmin>176</xmin>
			<ymin>695</ymin>
			<xmax>242</xmax>
			<ymax>833</ymax>
		</bndbox>
	</object>
	<object>
		<name>9</name>
		<pose>Unspecified</pose>
		<truncated>0</truncated>
		<difficult>0</difficult>
		<bndbox>
			<xmin>242</xmin>
			<ymin>699</ymin>
			<xmax>304</xmax>
			<ymax>835</ymax>
		</bndbox>
	</object>
	<object>
		<name>5</name>
		<pose>Unspecified</pose>
		<truncated>0</truncated>
		<difficult>0</difficult>
		<bndbox>
			<xmin>312</xmin>
			<ymin>691</ymin>
			<xmax>365</xmax>
			<ymax>829</ymax>
		</bndbox>
	</object>
</annotation>
