<annotation>
	<folder>new_image_dataset</folder>
	<filename>598_tung.jpg</filename>
	<path>/Users/tung/Desktop/new_image_dataset/598_tung.jpg</path>
	<source>
		<database>Unknown</database>
	</source>
	<size>
		<width>720</width>
		<height>1280</height>
		<depth>3</depth>
	</size>
	<segmented>0</segmented>
	<object>
		<name>5</name>
		<pose>Unspecified</pose>
		<truncated>0</truncated>
		<difficult>0</difficult>
		<bndbox>
			<xmin>101</xmin>
			<ymin>376</ymin>
			<xmax>172</xmax>
			<ymax>499</ymax>
		</bndbox>
	</object>
	<object>
		<name>9</name>
		<pose>Unspecified</pose>
		<truncated>0</truncated>
		<difficult>0</difficult>
		<bndbox>
			<xmin>167</xmin>
			<ymin>388</ymin>
			<xmax>229</xmax>
			<ymax>503</ymax>
		</bndbox>
	</object>
	<object>
		<name>8</name>
		<pose>Unspecified</pose>
		<truncated>0</truncated>
		<difficult>0</difficult>
		<bndbox>
			<xmin>221</xmin>
			<ymin>388</ymin>
			<xmax>286</xmax>
			<ymax>505</ymax>
		</bndbox>
	</object>
</annotation>
