<annotation>
	<folder>image_dataset</folder>
	<filename>599_davis.jpg</filename>
	<path>/home/sachin/EE890_Image/image_dataset/599_davis.jpg</path>
	<source>
		<database>Unknown</database>
	</source>
	<size>
		<width>3456</width>
		<height>4608</height>
		<depth>3</depth>
	</size>
	<segmented>0</segmented>
	<object>
		<name>5</name>
		<pose>Unspecified</pose>
		<truncated>0</truncated>
		<difficult>0</difficult>
		<bndbox>
			<xmin>1471</xmin>
			<ymin>2224</ymin>
			<xmax>1751</xmax>
			<ymax>2771</ymax>
		</bndbox>
	</object>
	<object>
		<name>9</name>
		<pose>Unspecified</pose>
		<truncated>0</truncated>
		<difficult>0</difficult>
		<bndbox>
			<xmin>1758</xmin>
			<ymin>2217</ymin>
			<xmax>2018</xmax>
			<ymax>2791</ymax>
		</bndbox>
	</object>
	<object>
		<name>9</name>
		<pose>Unspecified</pose>
		<truncated>0</truncated>
		<difficult>0</difficult>
		<bndbox>
			<xmin>2064</xmin>
			<ymin>2251</ymin>
			<xmax>2311</xmax>
			<ymax>2791</ymax>
		</bndbox>
	</object>
</annotation>
