<annotation>
	<folder>image_dataset</folder>
	<filename>602_Alqahtani.jpg</filename>
	<path>/home/saad/Saad Alqahtani/image_dataset/602_Alqahtani.jpg</path>
	<source>
		<database>Unknown</database>
	</source>
	<size>
		<width>3456</width>
		<height>4608</height>
		<depth>3</depth>
	</size>
	<segmented>0</segmented>
	<object>
		<name>6</name>
		<pose>Unspecified</pose>
		<truncated>0</truncated>
		<difficult>0</difficult>
		<bndbox>
			<xmin>1697</xmin>
			<ymin>1205</ymin>
			<xmax>1903</xmax>
			<ymax>1509</ymax>
		</bndbox>
	</object>
	<object>
		<name>0</name>
		<pose>Unspecified</pose>
		<truncated>0</truncated>
		<difficult>0</difficult>
		<bndbox>
			<xmin>1886</xmin>
			<ymin>1237</ymin>
			<xmax>2091</xmax>
			<ymax>1519</ymax>
		</bndbox>
	</object>
	<object>
		<name>2</name>
		<pose>Unspecified</pose>
		<truncated>0</truncated>
		<difficult>0</difficult>
		<bndbox>
			<xmin>2086</xmin>
			<ymin>1277</ymin>
			<xmax>2278</xmax>
			<ymax>1564</ymax>
		</bndbox>
	</object>
</annotation>
