<annotation>
	<folder>new_image_dataset</folder>
	<filename>604_tung.jpg</filename>
	<path>/Users/tung/Desktop/new_image_dataset/604_tung.jpg</path>
	<source>
		<database>Unknown</database>
	</source>
	<size>
		<width>720</width>
		<height>1280</height>
		<depth>3</depth>
	</size>
	<segmented>0</segmented>
	<object>
		<name>6</name>
		<pose>Unspecified</pose>
		<truncated>0</truncated>
		<difficult>0</difficult>
		<bndbox>
			<xmin>148</xmin>
			<ymin>433</ymin>
			<xmax>208</xmax>
			<ymax>555</ymax>
		</bndbox>
	</object>
	<object>
		<name>0</name>
		<pose>Unspecified</pose>
		<truncated>0</truncated>
		<difficult>0</difficult>
		<bndbox>
			<xmin>208</xmin>
			<ymin>435</ymin>
			<xmax>265</xmax>
			<ymax>552</ymax>
		</bndbox>
	</object>
	<object>
		<name>4</name>
		<pose>Unspecified</pose>
		<truncated>0</truncated>
		<difficult>0</difficult>
		<bndbox>
			<xmin>265</xmin>
			<ymin>427</ymin>
			<xmax>320</xmax>
			<ymax>539</ymax>
		</bndbox>
	</object>
</annotation>
