<annotation>
	<folder>image_dataset</folder>
	<filename>607_davis.jpg</filename>
	<path>/home/sachin/EE890_Image/image_dataset/607_davis.jpg</path>
	<source>
		<database>Unknown</database>
	</source>
	<size>
		<width>3456</width>
		<height>4608</height>
		<depth>3</depth>
	</size>
	<segmented>0</segmented>
	<object>
		<name>6</name>
		<pose>Unspecified</pose>
		<truncated>0</truncated>
		<difficult>0</difficult>
		<bndbox>
			<xmin>1158</xmin>
			<ymin>2051</ymin>
			<xmax>1424</xmax>
			<ymax>2651</ymax>
		</bndbox>
	</object>
	<object>
		<name>0</name>
		<pose>Unspecified</pose>
		<truncated>0</truncated>
		<difficult>0</difficult>
		<bndbox>
			<xmin>1424</xmin>
			<ymin>2043</ymin>
			<xmax>1751</xmax>
			<ymax>2644</ymax>
		</bndbox>
	</object>
	<object>
		<name>7</name>
		<pose>Unspecified</pose>
		<truncated>0</truncated>
		<difficult>0</difficult>
		<bndbox>
			<xmin>1778</xmin>
			<ymin>2030</ymin>
			<xmax>2044</xmax>
			<ymax>2617</ymax>
		</bndbox>
	</object>
</annotation>
