<annotation>
	<folder>image_dataset</folder>
	<filename>610_Alqahtnai.jpg</filename>
	<path>/home/saad/Saad Alqahtani/image_dataset/610_Alqahtnai.jpg</path>
	<source>
		<database>Unknown</database>
	</source>
	<size>
		<width>3456</width>
		<height>4608</height>
		<depth>3</depth>
	</size>
	<segmented>0</segmented>
	<object>
		<name>6</name>
		<pose>Unspecified</pose>
		<truncated>0</truncated>
		<difficult>0</difficult>
		<bndbox>
			<xmin>1929</xmin>
			<ymin>1743</ymin>
			<xmax>2123</xmax>
			<ymax>2152</ymax>
		</bndbox>
	</object>
	<object>
		<name>1</name>
		<pose>Unspecified</pose>
		<truncated>0</truncated>
		<difficult>0</difficult>
		<bndbox>
			<xmin>2195</xmin>
			<ymin>1764</ymin>
			<xmax>2317</xmax>
			<ymax>2130</ymax>
		</bndbox>
	</object>
	<object>
		<name>0</name>
		<pose>Unspecified</pose>
		<truncated>0</truncated>
		<difficult>0</difficult>
		<bndbox>
			<xmin>2339</xmin>
			<ymin>1777</ymin>
			<xmax>2511</xmax>
			<ymax>2124</ymax>
		</bndbox>
	</object>
</annotation>
