<annotation>
	<folder>Project1_Raw_Data</folder>
	<filename>611_Xiang.jpg</filename>
	<path>C:\Users\Mingren Xiang\Desktop\Fall2019\Machine Learning class\Project1_Raw_Data\611_Xiang.jpg</path>
	<source>
		<database>Unknown</database>
	</source>
	<size>
		<width>3456</width>
		<height>4608</height>
		<depth>3</depth>
	</size>
	<segmented>0</segmented>
	<object>
		<name>6</name>
		<pose>Unspecified</pose>
		<truncated>0</truncated>
		<difficult>0</difficult>
		<bndbox>
			<xmin>1938</xmin>
			<ymin>1158</ymin>
			<xmax>2165</xmax>
			<ymax>1638</ymax>
		</bndbox>
	</object>
	<object>
		<name>1</name>
		<pose>Unspecified</pose>
		<truncated>0</truncated>
		<difficult>0</difficult>
		<bndbox>
			<xmin>2265</xmin>
			<ymin>1213</ymin>
			<xmax>2420</xmax>
			<ymax>1623</ymax>
		</bndbox>
	</object>
	<object>
		<name>1</name>
		<pose>Unspecified</pose>
		<truncated>0</truncated>
		<difficult>0</difficult>
		<bndbox>
			<xmin>2510</xmin>
			<ymin>1218</ymin>
			<xmax>2678</xmax>
			<ymax>1635</ymax>
		</bndbox>
	</object>
</annotation>
