<annotation>
	<folder>image_dataset</folder>
	<filename>618_davis.jpg</filename>
	<path>/home/sachin/EE890_Image/image_dataset/618_davis.jpg</path>
	<source>
		<database>Unknown</database>
	</source>
	<size>
		<width>3456</width>
		<height>4608</height>
		<depth>3</depth>
	</size>
	<segmented>0</segmented>
	<object>
		<name>6</name>
		<pose>Unspecified</pose>
		<truncated>0</truncated>
		<difficult>0</difficult>
		<bndbox>
			<xmin>1071</xmin>
			<ymin>1956</ymin>
			<xmax>1431</xmax>
			<ymax>2584</ymax>
		</bndbox>
	</object>
	<object>
		<name>1</name>
		<pose>Unspecified</pose>
		<truncated>0</truncated>
		<difficult>0</difficult>
		<bndbox>
			<xmin>1531</xmin>
			<ymin>1943</ymin>
			<xmax>1718</xmax>
			<ymax>2571</ymax>
		</bndbox>
	</object>
	<object>
		<name>8</name>
		<pose>Unspecified</pose>
		<truncated>0</truncated>
		<difficult>0</difficult>
		<bndbox>
			<xmin>1751</xmin>
			<ymin>1963</ymin>
			<xmax>2044</xmax>
			<ymax>2584</ymax>
		</bndbox>
	</object>
</annotation>
