<annotation>
	<folder>image_dataset</folder>
	<filename>619_davis.jpg</filename>
	<path>/home/sachin/EE890_Image/image_dataset/619_davis.jpg</path>
	<source>
		<database>Unknown</database>
	</source>
	<size>
		<width>3456</width>
		<height>4608</height>
		<depth>3</depth>
	</size>
	<segmented>0</segmented>
	<object>
		<name>6</name>
		<pose>Unspecified</pose>
		<truncated>0</truncated>
		<difficult>0</difficult>
		<bndbox>
			<xmin>1078</xmin>
			<ymin>2023</ymin>
			<xmax>1424</xmax>
			<ymax>2664</ymax>
		</bndbox>
	</object>
	<object>
		<name>1</name>
		<pose>Unspecified</pose>
		<truncated>0</truncated>
		<difficult>0</difficult>
		<bndbox>
			<xmin>1518</xmin>
			<ymin>2023</ymin>
			<xmax>1724</xmax>
			<ymax>2617</ymax>
		</bndbox>
	</object>
	<object>
		<name>9</name>
		<pose>Unspecified</pose>
		<truncated>0</truncated>
		<difficult>0</difficult>
		<bndbox>
			<xmin>1764</xmin>
			<ymin>2023</ymin>
			<xmax>2011</xmax>
			<ymax>2597</ymax>
		</bndbox>
	</object>
</annotation>
