<annotation>
	<folder>image_dataset</folder>
	<filename>625_davis.jpg</filename>
	<path>/home/sachin/EE890_Image/image_dataset/625_davis.jpg</path>
	<source>
		<database>Unknown</database>
	</source>
	<size>
		<width>3456</width>
		<height>4608</height>
		<depth>3</depth>
	</size>
	<segmented>0</segmented>
	<object>
		<name>6</name>
		<pose>Unspecified</pose>
		<truncated>0</truncated>
		<difficult>0</difficult>
		<bndbox>
			<xmin>1218</xmin>
			<ymin>2131</ymin>
			<xmax>1504</xmax>
			<ymax>2697</ymax>
		</bndbox>
	</object>
	<object>
		<name>2</name>
		<pose>Unspecified</pose>
		<truncated>0</truncated>
		<difficult>0</difficult>
		<bndbox>
			<xmin>1531</xmin>
			<ymin>2104</ymin>
			<xmax>1818</xmax>
			<ymax>2737</ymax>
		</bndbox>
	</object>
	<object>
		<name>5</name>
		<pose>Unspecified</pose>
		<truncated>0</truncated>
		<difficult>0</difficult>
		<bndbox>
			<xmin>1838</xmin>
			<ymin>2097</ymin>
			<xmax>2118</xmax>
			<ymax>2711</ymax>
		</bndbox>
	</object>
</annotation>
