<annotation>
	<folder>new_image_dataset</folder>
	<filename>628_tung.jpg</filename>
	<path>/Users/tung/Desktop/new_image_dataset/628_tung.jpg</path>
	<source>
		<database>Unknown</database>
	</source>
	<size>
		<width>720</width>
		<height>1280</height>
		<depth>3</depth>
	</size>
	<segmented>0</segmented>
	<object>
		<name>6</name>
		<pose>Unspecified</pose>
		<truncated>0</truncated>
		<difficult>0</difficult>
		<bndbox>
			<xmin>137</xmin>
			<ymin>467</ymin>
			<xmax>186</xmax>
			<ymax>584</ymax>
		</bndbox>
	</object>
	<object>
		<name>2</name>
		<pose>Unspecified</pose>
		<truncated>0</truncated>
		<difficult>0</difficult>
		<bndbox>
			<xmin>184</xmin>
			<ymin>472</ymin>
			<xmax>233</xmax>
			<ymax>586</ymax>
		</bndbox>
	</object>
	<object>
		<name>8</name>
		<pose>Unspecified</pose>
		<truncated>0</truncated>
		<difficult>0</difficult>
		<bndbox>
			<xmin>233</xmin>
			<ymin>465</ymin>
			<xmax>293</xmax>
			<ymax>591</ymax>
		</bndbox>
	</object>
</annotation>
