<annotation>
	<folder>new_image_dataset</folder>
	<filename>628_tung_1.jpg</filename>
	<path>/Users/tung/Desktop/new_image_dataset/628_tung_1.jpg</path>
	<source>
		<database>Unknown</database>
	</source>
	<size>
		<width>720</width>
		<height>1280</height>
		<depth>3</depth>
	</size>
	<segmented>0</segmented>
	<object>
		<name>6</name>
		<pose>Unspecified</pose>
		<truncated>0</truncated>
		<difficult>0</difficult>
		<bndbox>
			<xmin>150</xmin>
			<ymin>531</ymin>
			<xmax>237</xmax>
			<ymax>667</ymax>
		</bndbox>
	</object>
	<object>
		<name>2</name>
		<pose>Unspecified</pose>
		<truncated>0</truncated>
		<difficult>0</difficult>
		<bndbox>
			<xmin>225</xmin>
			<ymin>501</ymin>
			<xmax>287</xmax>
			<ymax>648</ymax>
		</bndbox>
	</object>
	<object>
		<name>8</name>
		<pose>Unspecified</pose>
		<truncated>0</truncated>
		<difficult>0</difficult>
		<bndbox>
			<xmin>287</xmin>
			<ymin>482</ymin>
			<xmax>355</xmax>
			<ymax>618</ymax>
		</bndbox>
	</object>
</annotation>
