<annotation>
	<folder>image_dataset</folder>
	<filename>634_davis_1.jpg</filename>
	<path>/home/sachin/EE890_Image/image_dataset/634_davis_1.jpg</path>
	<source>
		<database>Unknown</database>
	</source>
	<size>
		<width>3456</width>
		<height>4608</height>
		<depth>3</depth>
	</size>
	<segmented>0</segmented>
	<object>
		<name>6</name>
		<pose>Unspecified</pose>
		<truncated>0</truncated>
		<difficult>0</difficult>
		<bndbox>
			<xmin>1364</xmin>
			<ymin>2117</ymin>
			<xmax>1671</xmax>
			<ymax>2644</ymax>
		</bndbox>
	</object>
	<object>
		<name>3</name>
		<pose>Unspecified</pose>
		<truncated>0</truncated>
		<difficult>0</difficult>
		<bndbox>
			<xmin>1644</xmin>
			<ymin>2104</ymin>
			<xmax>1911</xmax>
			<ymax>2577</ymax>
		</bndbox>
	</object>
	<object>
		<name>4</name>
		<pose>Unspecified</pose>
		<truncated>0</truncated>
		<difficult>0</difficult>
		<bndbox>
			<xmin>1898</xmin>
			<ymin>2091</ymin>
			<xmax>2158</xmax>
			<ymax>2524</ymax>
		</bndbox>
	</object>
</annotation>
