<annotation>
	<folder>image_dataset</folder>
	<filename>634_davis_2.jpg</filename>
	<path>/home/sachin/EE890_Image/image_dataset/634_davis_2.jpg</path>
	<source>
		<database>Unknown</database>
	</source>
	<size>
		<width>3456</width>
		<height>4608</height>
		<depth>3</depth>
	</size>
	<segmented>0</segmented>
	<object>
		<name>6</name>
		<pose>Unspecified</pose>
		<truncated>0</truncated>
		<difficult>0</difficult>
		<bndbox>
			<xmin>1558</xmin>
			<ymin>2317</ymin>
			<xmax>1778</xmax>
			<ymax>2831</ymax>
		</bndbox>
	</object>
	<object>
		<name>3</name>
		<pose>Unspecified</pose>
		<truncated>0</truncated>
		<difficult>0</difficult>
		<bndbox>
			<xmin>1804</xmin>
			<ymin>2311</ymin>
			<xmax>2038</xmax>
			<ymax>2844</ymax>
		</bndbox>
	</object>
	<object>
		<name>4</name>
		<pose>Unspecified</pose>
		<truncated>0</truncated>
		<difficult>0</difficult>
		<bndbox>
			<xmin>2091</xmin>
			<ymin>2377</ymin>
			<xmax>2324</xmax>
			<ymax>2857</ymax>
		</bndbox>
	</object>
</annotation>
