<annotation>
	<folder>Labeling_Photos</folder>
	<filename>634_Lear1.jpg</filename>
	<path>/Users/sam/Desktop/School Stuff/Fall_2019/EE490_Machine_Learning_Python/Project1/Labeling_Photos/634_Lear1.jpg</path>
	<source>
		<database>Unknown</database>
	</source>
	<size>
		<width>3024</width>
		<height>4032</height>
		<depth>3</depth>
	</size>
	<segmented>0</segmented>
	<object>
		<name>6</name>
		<pose>Unspecified</pose>
		<truncated>0</truncated>
		<difficult>0</difficult>
		<bndbox>
			<xmin>1068</xmin>
			<ymin>1681</ymin>
			<xmax>1218</xmax>
			<ymax>1981</ymax>
		</bndbox>
	</object>
	<object>
		<name>3</name>
		<pose>Unspecified</pose>
		<truncated>0</truncated>
		<difficult>0</difficult>
		<bndbox>
			<xmin>1230</xmin>
			<ymin>1687</ymin>
			<xmax>1361</xmax>
			<ymax>1981</ymax>
		</bndbox>
	</object>
	<object>
		<name>4</name>
		<pose>Unspecified</pose>
		<truncated>0</truncated>
		<difficult>0</difficult>
		<bndbox>
			<xmin>1380</xmin>
			<ymin>1675</ymin>
			<xmax>1524</xmax>
			<ymax>1975</ymax>
		</bndbox>
	</object>
</annotation>
