<annotation>
	<folder>image_dataset</folder>
	<filename>636_Alqahtani.jpg</filename>
	<path>/home/saad/Saad Alqahtani/image_dataset/636_Alqahtani.jpg</path>
	<source>
		<database>Unknown</database>
	</source>
	<size>
		<width>3456</width>
		<height>4608</height>
		<depth>3</depth>
	</size>
	<segmented>0</segmented>
	<object>
		<name>6</name>
		<pose>Unspecified</pose>
		<truncated>0</truncated>
		<difficult>0</difficult>
		<bndbox>
			<xmin>879</xmin>
			<ymin>3248</ymin>
			<xmax>1142</xmax>
			<ymax>3677</ymax>
		</bndbox>
	</object>
	<object>
		<name>3</name>
		<pose>Unspecified</pose>
		<truncated>0</truncated>
		<difficult>0</difficult>
		<bndbox>
			<xmin>1135</xmin>
			<ymin>3308</ymin>
			<xmax>1351</xmax>
			<ymax>3659</ymax>
		</bndbox>
	</object>
	<object>
		<name>6</name>
		<pose>Unspecified</pose>
		<truncated>0</truncated>
		<difficult>0</difficult>
		<bndbox>
			<xmin>1338</xmin>
			<ymin>3305</ymin>
			<xmax>1534</xmax>
			<ymax>3723</ymax>
		</bndbox>
	</object>
</annotation>
