<annotation>
	<folder>Image_dataset</folder>
	<filename>639_AlNasser_1.jpg</filename>
	<path>/Users/iMontyMac/Desktop/ECE490_DataCollection/Image_dataset/639_AlNasser_1.jpg</path>
	<source>
		<database>Unknown</database>
	</source>
	<size>
		<width>3024</width>
		<height>4032</height>
		<depth>3</depth>
	</size>
	<segmented>0</segmented>
	<object>
		<name>6</name>
		<pose>Unspecified</pose>
		<truncated>0</truncated>
		<difficult>0</difficult>
		<bndbox>
			<xmin>1446</xmin>
			<ymin>1394</ymin>
			<xmax>1608</xmax>
			<ymax>1769</ymax>
		</bndbox>
	</object>
	<object>
		<name>3</name>
		<pose>Unspecified</pose>
		<truncated>0</truncated>
		<difficult>0</difficult>
		<bndbox>
			<xmin>1615</xmin>
			<ymin>1406</ymin>
			<xmax>1790</xmax>
			<ymax>1769</ymax>
		</bndbox>
	</object>
	<object>
		<name>8</name>
		<pose>Unspecified</pose>
		<truncated>0</truncated>
		<difficult>0</difficult>
		<bndbox>
			<xmin>1796</xmin>
			<ymin>1419</ymin>
			<xmax>1958</xmax>
			<ymax>1762</ymax>
		</bndbox>
	</object>
</annotation>
