<annotation>
	<folder>image_dataset</folder>
	<filename>642_Alqahtani.jpg</filename>
	<path>/home/saad/Saad Alqahtani/image_dataset/642_Alqahtani.jpg</path>
	<source>
		<database>Unknown</database>
	</source>
	<size>
		<width>3456</width>
		<height>4608</height>
		<depth>3</depth>
	</size>
	<segmented>0</segmented>
	<object>
		<name>6</name>
		<pose>Unspecified</pose>
		<truncated>0</truncated>
		<difficult>0</difficult>
		<bndbox>
			<xmin>1544</xmin>
			<ymin>2550</ymin>
			<xmax>1672</xmax>
			<ymax>2787</ymax>
		</bndbox>
	</object>
	<object>
		<name>4</name>
		<pose>Unspecified</pose>
		<truncated>0</truncated>
		<difficult>0</difficult>
		<bndbox>
			<xmin>1679</xmin>
			<ymin>2534</ymin>
			<xmax>1785</xmax>
			<ymax>2759</ymax>
		</bndbox>
	</object>
	<object>
		<name>2</name>
		<pose>Unspecified</pose>
		<truncated>0</truncated>
		<difficult>0</difficult>
		<bndbox>
			<xmin>1804</xmin>
			<ymin>2519</ymin>
			<xmax>1923</xmax>
			<ymax>2752</ymax>
		</bndbox>
	</object>
</annotation>
