<annotation>
	<folder>image_dataset</folder>
	<filename>646_Alqahtani.jpg</filename>
	<path>/home/saad/Saad Alqahtani/image_dataset/646_Alqahtani.jpg</path>
	<source>
		<database>Unknown</database>
	</source>
	<size>
		<width>3456</width>
		<height>4608</height>
		<depth>3</depth>
	</size>
	<segmented>0</segmented>
	<object>
		<name>6</name>
		<pose>Unspecified</pose>
		<truncated>0</truncated>
		<difficult>0</difficult>
		<bndbox>
			<xmin>1248</xmin>
			<ymin>1586</ymin>
			<xmax>1670</xmax>
			<ymax>1902</ymax>
		</bndbox>
	</object>
	<object>
		<name>4</name>
		<pose>Unspecified</pose>
		<truncated>0</truncated>
		<difficult>0</difficult>
		<bndbox>
			<xmin>1545</xmin>
			<ymin>1699</ymin>
			<xmax>1811</xmax>
			<ymax>2036</ymax>
		</bndbox>
	</object>
	<object>
		<name>6</name>
		<pose>Unspecified</pose>
		<truncated>0</truncated>
		<difficult>0</difficult>
		<bndbox>
			<xmin>1633</xmin>
			<ymin>1858</ymin>
			<xmax>2001</xmax>
			<ymax>2218</ymax>
		</bndbox>
	</object>
</annotation>
