<annotation>
	<folder>Labeling_Photos</folder>
	<filename>650_Lear1.jpg</filename>
	<path>/Users/sam/Desktop/School Stuff/Fall_2019/EE490_Machine_Learning_Python/Project1/Labeling_Photos/650_Lear1.jpg</path>
	<source>
		<database>Unknown</database>
	</source>
	<size>
		<width>2268</width>
		<height>3024</height>
		<depth>3</depth>
	</size>
	<segmented>0</segmented>
	<object>
		<name>6</name>
		<pose>Unspecified</pose>
		<truncated>0</truncated>
		<difficult>0</difficult>
		<bndbox>
			<xmin>681</xmin>
			<ymin>1572</ymin>
			<xmax>805</xmax>
			<ymax>1781</ymax>
		</bndbox>
	</object>
	<object>
		<name>5</name>
		<pose>Unspecified</pose>
		<truncated>0</truncated>
		<difficult>0</difficult>
		<bndbox>
			<xmin>801</xmin>
			<ymin>1567</ymin>
			<xmax>910</xmax>
			<ymax>1786</ymax>
		</bndbox>
	</object>
	<object>
		<name>0</name>
		<pose>Unspecified</pose>
		<truncated>0</truncated>
		<difficult>0</difficult>
		<bndbox>
			<xmin>915</xmin>
			<ymin>1567</ymin>
			<xmax>1034</xmax>
			<ymax>1791</ymax>
		</bndbox>
	</object>
</annotation>
