<annotation>
	<folder>image_dataset</folder>
	<filename>654_Alqahtani.jpg</filename>
	<path>/home/saad/Saad Alqahtani/image_dataset/654_Alqahtani.jpg</path>
	<source>
		<database>Unknown</database>
	</source>
	<size>
		<width>3456</width>
		<height>4608</height>
		<depth>3</depth>
	</size>
	<segmented>0</segmented>
	<object>
		<name>6</name>
		<pose>Unspecified</pose>
		<truncated>0</truncated>
		<difficult>0</difficult>
		<bndbox>
			<xmin>1964</xmin>
			<ymin>1615</ymin>
			<xmax>2119</xmax>
			<ymax>1833</ymax>
		</bndbox>
	</object>
	<object>
		<name>5</name>
		<pose>Unspecified</pose>
		<truncated>0</truncated>
		<difficult>0</difficult>
		<bndbox>
			<xmin>2103</xmin>
			<ymin>1580</ymin>
			<xmax>2254</xmax>
			<ymax>1782</ymax>
		</bndbox>
	</object>
	<object>
		<name>4</name>
		<pose>Unspecified</pose>
		<truncated>0</truncated>
		<difficult>0</difficult>
		<bndbox>
			<xmin>2214</xmin>
			<ymin>1543</ymin>
			<xmax>2408</xmax>
			<ymax>1737</ymax>
		</bndbox>
	</object>
</annotation>
