<annotation>
	<folder>image_dataset</folder>
	<filename>658_Alqahtani.jpg</filename>
	<path>/home/saad/Saad Alqahtani/image_dataset/658_Alqahtani.jpg</path>
	<source>
		<database>Unknown</database>
	</source>
	<size>
		<width>3456</width>
		<height>4608</height>
		<depth>3</depth>
	</size>
	<segmented>0</segmented>
	<object>
		<name>6</name>
		<pose>Unspecified</pose>
		<truncated>0</truncated>
		<difficult>0</difficult>
		<bndbox>
			<xmin>1489</xmin>
			<ymin>2513</ymin>
			<xmax>1632</xmax>
			<ymax>2729</ymax>
		</bndbox>
	</object>
	<object>
		<name>5</name>
		<pose>Unspecified</pose>
		<truncated>0</truncated>
		<difficult>0</difficult>
		<bndbox>
			<xmin>1622</xmin>
			<ymin>2509</ymin>
			<xmax>1742</xmax>
			<ymax>2742</ymax>
		</bndbox>
	</object>
	<object>
		<name>8</name>
		<pose>Unspecified</pose>
		<truncated>0</truncated>
		<difficult>0</difficult>
		<bndbox>
			<xmin>1727</xmin>
			<ymin>2554</ymin>
			<xmax>1868</xmax>
			<ymax>2773</ymax>
		</bndbox>
	</object>
</annotation>
