<annotation>
	<folder>image_dataset</folder>
	<filename>661_Alqahtani.jpg</filename>
	<path>/home/saad/Saad Alqahtani/image_dataset/661_Alqahtani.jpg</path>
	<source>
		<database>Unknown</database>
	</source>
	<size>
		<width>3456</width>
		<height>4608</height>
		<depth>3</depth>
	</size>
	<segmented>0</segmented>
	<object>
		<name>6</name>
		<pose>Unspecified</pose>
		<truncated>0</truncated>
		<difficult>0</difficult>
		<bndbox>
			<xmin>1723</xmin>
			<ymin>1786</ymin>
			<xmax>1861</xmax>
			<ymax>2089</ymax>
		</bndbox>
	</object>
	<object>
		<name>6</name>
		<pose>Unspecified</pose>
		<truncated>0</truncated>
		<difficult>0</difficult>
		<bndbox>
			<xmin>1871</xmin>
			<ymin>1786</ymin>
			<xmax>1982</xmax>
			<ymax>2050</ymax>
		</bndbox>
	</object>
	<object>
		<name>1</name>
		<pose>Unspecified</pose>
		<truncated>0</truncated>
		<difficult>0</difficult>
		<bndbox>
			<xmin>2071</xmin>
			<ymin>1796</ymin>
			<xmax>2141</xmax>
			<ymax>2031</ymax>
		</bndbox>
	</object>
</annotation>
