<annotation>
	<folder>image_dataset</folder>
	<filename>665_Alqahtani.jpg</filename>
	<path>/home/saad/Saad Alqahtani/image_dataset/665_Alqahtani.jpg</path>
	<source>
		<database>Unknown</database>
	</source>
	<size>
		<width>3456</width>
		<height>4608</height>
		<depth>3</depth>
	</size>
	<segmented>0</segmented>
	<object>
		<name>6</name>
		<pose>Unspecified</pose>
		<truncated>0</truncated>
		<difficult>0</difficult>
		<bndbox>
			<xmin>2346</xmin>
			<ymin>2300</ymin>
			<xmax>2536</xmax>
			<ymax>2524</ymax>
		</bndbox>
	</object>
	<object>
		<name>6</name>
		<pose>Unspecified</pose>
		<truncated>0</truncated>
		<difficult>0</difficult>
		<bndbox>
			<xmin>2485</xmin>
			<ymin>2248</ymin>
			<xmax>2666</xmax>
			<ymax>2464</ymax>
		</bndbox>
	</object>
	<object>
		<name>5</name>
		<pose>Unspecified</pose>
		<truncated>0</truncated>
		<difficult>0</difficult>
		<bndbox>
			<xmin>2626</xmin>
			<ymin>2201</ymin>
			<xmax>2814</xmax>
			<ymax>2420</ymax>
		</bndbox>
	</object>
</annotation>
