<annotation>
	<folder>image_dataset</folder>
	<filename>673_1_Alqahtani.jpg</filename>
	<path>/home/saad/Saad Alqahtani/image_dataset/673_1_Alqahtani.jpg</path>
	<source>
		<database>Unknown</database>
	</source>
	<size>
		<width>3456</width>
		<height>4608</height>
		<depth>3</depth>
	</size>
	<segmented>0</segmented>
	<object>
		<name>6</name>
		<pose>Unspecified</pose>
		<truncated>0</truncated>
		<difficult>0</difficult>
		<bndbox>
			<xmin>2008</xmin>
			<ymin>2140</ymin>
			<xmax>2119</xmax>
			<ymax>2341</ymax>
		</bndbox>
	</object>
	<object>
		<name>7</name>
		<pose>Unspecified</pose>
		<truncated>0</truncated>
		<difficult>0</difficult>
		<bndbox>
			<xmin>2120</xmin>
			<ymin>2136</ymin>
			<xmax>2223</xmax>
			<ymax>2346</ymax>
		</bndbox>
	</object>
	<object>
		<name>3</name>
		<pose>Unspecified</pose>
		<truncated>0</truncated>
		<difficult>0</difficult>
		<bndbox>
			<xmin>2246</xmin>
			<ymin>2125</ymin>
			<xmax>2333</xmax>
			<ymax>2339</ymax>
		</bndbox>
	</object>
</annotation>
