<annotation>
	<folder>image_dataset</folder>
	<filename>677_davis.jpg</filename>
	<path>/home/sachin/EE890_Image/image_dataset/677_davis.jpg</path>
	<source>
		<database>Unknown</database>
	</source>
	<size>
		<width>3456</width>
		<height>4608</height>
		<depth>3</depth>
	</size>
	<segmented>0</segmented>
	<object>
		<name>6</name>
		<pose>Unspecified</pose>
		<truncated>0</truncated>
		<difficult>0</difficult>
		<bndbox>
			<xmin>1398</xmin>
			<ymin>1610</ymin>
			<xmax>1711</xmax>
			<ymax>2277</ymax>
		</bndbox>
	</object>
	<object>
		<name>7</name>
		<pose>Unspecified</pose>
		<truncated>0</truncated>
		<difficult>0</difficult>
		<bndbox>
			<xmin>1764</xmin>
			<ymin>1650</ymin>
			<xmax>1998</xmax>
			<ymax>2184</ymax>
		</bndbox>
	</object>
	<object>
		<name>7</name>
		<pose>Unspecified</pose>
		<truncated>0</truncated>
		<difficult>0</difficult>
		<bndbox>
			<xmin>2044</xmin>
			<ymin>1650</ymin>
			<xmax>2298</xmax>
			<ymax>2204</ymax>
		</bndbox>
	</object>
</annotation>
