<annotation>
	<folder>image_dataset</folder>
	<filename>680_davis.jpg</filename>
	<path>/home/sachin/EE890_Image/image_dataset/680_davis.jpg</path>
	<source>
		<database>Unknown</database>
	</source>
	<size>
		<width>3456</width>
		<height>4608</height>
		<depth>3</depth>
	</size>
	<segmented>0</segmented>
	<object>
		<name>6</name>
		<pose>Unspecified</pose>
		<truncated>0</truncated>
		<difficult>0</difficult>
		<bndbox>
			<xmin>1451</xmin>
			<ymin>2164</ymin>
			<xmax>1718</xmax>
			<ymax>2764</ymax>
		</bndbox>
	</object>
	<object>
		<name>8</name>
		<pose>Unspecified</pose>
		<truncated>0</truncated>
		<difficult>0</difficult>
		<bndbox>
			<xmin>1738</xmin>
			<ymin>2224</ymin>
			<xmax>1991</xmax>
			<ymax>2757</ymax>
		</bndbox>
	</object>
	<object>
		<name>0</name>
		<pose>Unspecified</pose>
		<truncated>0</truncated>
		<difficult>0</difficult>
		<bndbox>
			<xmin>2024</xmin>
			<ymin>2204</ymin>
			<xmax>2291</xmax>
			<ymax>2771</ymax>
		</bndbox>
	</object>
</annotation>
