<annotation>
	<folder>image_dataset</folder>
	<filename>681_davis.jpg</filename>
	<path>/home/sachin/EE890_Image/image_dataset/681_davis.jpg</path>
	<source>
		<database>Unknown</database>
	</source>
	<size>
		<width>3456</width>
		<height>4608</height>
		<depth>3</depth>
	</size>
	<segmented>0</segmented>
	<object>
		<name>6</name>
		<pose>Unspecified</pose>
		<truncated>0</truncated>
		<difficult>0</difficult>
		<bndbox>
			<xmin>1338</xmin>
			<ymin>2404</ymin>
			<xmax>1618</xmax>
			<ymax>2871</ymax>
		</bndbox>
	</object>
	<object>
		<name>8</name>
		<pose>Unspecified</pose>
		<truncated>0</truncated>
		<difficult>0</difficult>
		<bndbox>
			<xmin>1624</xmin>
			<ymin>2391</ymin>
			<xmax>1864</xmax>
			<ymax>2864</ymax>
		</bndbox>
	</object>
	<object>
		<name>1</name>
		<pose>Unspecified</pose>
		<truncated>0</truncated>
		<difficult>0</difficult>
		<bndbox>
			<xmin>1958</xmin>
			<ymin>2431</ymin>
			<xmax>2098</xmax>
			<ymax>2831</ymax>
		</bndbox>
	</object>
</annotation>
