<annotation>
	<folder>image_dataset</folder>
	<filename>681_Alqahtani.jpg</filename>
	<path>/home/saad/Saad Alqahtani/image_dataset/681_Alqahtani.jpg</path>
	<source>
		<database>Unknown</database>
	</source>
	<size>
		<width>3456</width>
		<height>4608</height>
		<depth>3</depth>
	</size>
	<segmented>0</segmented>
	<object>
		<name>6</name>
		<pose>Unspecified</pose>
		<truncated>0</truncated>
		<difficult>0</difficult>
		<bndbox>
			<xmin>1552</xmin>
			<ymin>2122</ymin>
			<xmax>1664</xmax>
			<ymax>2338</ymax>
		</bndbox>
	</object>
	<object>
		<name>8</name>
		<pose>Unspecified</pose>
		<truncated>0</truncated>
		<difficult>0</difficult>
		<bndbox>
			<xmin>1669</xmin>
			<ymin>2137</ymin>
			<xmax>1769</xmax>
			<ymax>2344</ymax>
		</bndbox>
	</object>
	<object>
		<name>1</name>
		<pose>Unspecified</pose>
		<truncated>0</truncated>
		<difficult>0</difficult>
		<bndbox>
			<xmin>1819</xmin>
			<ymin>2163</ymin>
			<xmax>1921</xmax>
			<ymax>2346</ymax>
		</bndbox>
	</object>
</annotation>
