<annotation>
	<folder>image_dataset</folder>
	<filename>688_Alqahtani.jpg</filename>
	<path>/home/saad/Saad Alqahtani/image_dataset/688_Alqahtani.jpg</path>
	<source>
		<database>Unknown</database>
	</source>
	<size>
		<width>3456</width>
		<height>4608</height>
		<depth>3</depth>
	</size>
	<segmented>0</segmented>
	<object>
		<name>6</name>
		<pose>Unspecified</pose>
		<truncated>0</truncated>
		<difficult>0</difficult>
		<bndbox>
			<xmin>1877</xmin>
			<ymin>2493</ymin>
			<xmax>1954</xmax>
			<ymax>2682</ymax>
		</bndbox>
	</object>
	<object>
		<name>8</name>
		<pose>Unspecified</pose>
		<truncated>0</truncated>
		<difficult>0</difficult>
		<bndbox>
			<xmin>1970</xmin>
			<ymin>2493</ymin>
			<xmax>2053</xmax>
			<ymax>2679</ymax>
		</bndbox>
	</object>
	<object>
		<name>8</name>
		<pose>Unspecified</pose>
		<truncated>0</truncated>
		<difficult>0</difficult>
		<bndbox>
			<xmin>2070</xmin>
			<ymin>2493</ymin>
			<xmax>2159</xmax>
			<ymax>2686</ymax>
		</bndbox>
	</object>
</annotation>
