<annotation>
	<folder>Image_dataset</folder>
	<filename>692_AlNasser.jpg</filename>
	<path>/Users/iMontyMac/Desktop/ECE490_DataCollection/Image_dataset/692_AlNasser.jpg</path>
	<source>
		<database>Unknown</database>
	</source>
	<size>
		<width>3024</width>
		<height>4032</height>
		<depth>3</depth>
	</size>
	<segmented>0</segmented>
	<object>
		<name>6</name>
		<pose>Unspecified</pose>
		<truncated>0</truncated>
		<difficult>0</difficult>
		<bndbox>
			<xmin>1546</xmin>
			<ymin>1737</ymin>
			<xmax>1777</xmax>
			<ymax>2244</ymax>
		</bndbox>
	</object>
	<object>
		<name>9</name>
		<pose>Unspecified</pose>
		<truncated>0</truncated>
		<difficult>0</difficult>
		<bndbox>
			<xmin>1815</xmin>
			<ymin>1762</ymin>
			<xmax>2052</xmax>
			<ymax>2275</ymax>
		</bndbox>
	</object>
	<object>
		<name>2</name>
		<pose>Unspecified</pose>
		<truncated>0</truncated>
		<difficult>0</difficult>
		<bndbox>
			<xmin>2052</xmin>
			<ymin>1750</ymin>
			<xmax>2340</xmax>
			<ymax>2269</ymax>
		</bndbox>
	</object>
</annotation>
