<annotation>
	<folder>image_dataset</folder>
	<filename>692_Alqahtani.jpg</filename>
	<path>/home/saad/Saad Alqahtani/image_dataset/692_Alqahtani.jpg</path>
	<source>
		<database>Unknown</database>
	</source>
	<size>
		<width>3456</width>
		<height>4608</height>
		<depth>3</depth>
	</size>
	<segmented>0</segmented>
	<object>
		<name>6</name>
		<pose>Unspecified</pose>
		<truncated>0</truncated>
		<difficult>0</difficult>
		<bndbox>
			<xmin>1661</xmin>
			<ymin>2470</ymin>
			<xmax>1847</xmax>
			<ymax>2665</ymax>
		</bndbox>
	</object>
	<object>
		<name>9</name>
		<pose>Unspecified</pose>
		<truncated>0</truncated>
		<difficult>0</difficult>
		<bndbox>
			<xmin>1777</xmin>
			<ymin>2530</ymin>
			<xmax>1949</xmax>
			<ymax>2718</ymax>
		</bndbox>
	</object>
	<object>
		<name>2</name>
		<pose>Unspecified</pose>
		<truncated>0</truncated>
		<difficult>0</difficult>
		<bndbox>
			<xmin>1866</xmin>
			<ymin>2616</ymin>
			<xmax>2075</xmax>
			<ymax>2791</ymax>
		</bndbox>
	</object>
</annotation>
