<annotation>
	<folder>new_image_dataset</folder>
	<filename>693_tung.jpg</filename>
	<path>/Users/tung/Desktop/new_image_dataset/693_tung.jpg</path>
	<source>
		<database>Unknown</database>
	</source>
	<size>
		<width>720</width>
		<height>1280</height>
		<depth>3</depth>
	</size>
	<segmented>0</segmented>
	<object>
		<name>6</name>
		<pose>Unspecified</pose>
		<truncated>0</truncated>
		<difficult>0</difficult>
		<bndbox>
			<xmin>148</xmin>
			<ymin>429</ymin>
			<xmax>225</xmax>
			<ymax>586</ymax>
		</bndbox>
	</object>
	<object>
		<name>9</name>
		<pose>Unspecified</pose>
		<truncated>0</truncated>
		<difficult>0</difficult>
		<bndbox>
			<xmin>227</xmin>
			<ymin>452</ymin>
			<xmax>301</xmax>
			<ymax>606</ymax>
		</bndbox>
	</object>
	<object>
		<name>3</name>
		<pose>Unspecified</pose>
		<truncated>0</truncated>
		<difficult>0</difficult>
		<bndbox>
			<xmin>287</xmin>
			<ymin>476</ymin>
			<xmax>389</xmax>
			<ymax>623</ymax>
		</bndbox>
	</object>
</annotation>
