<annotation>
	<folder>image_dataset</folder>
	<filename>694_davis.jpg</filename>
	<path>/home/sachin/EE890_Image/image_dataset/694_davis.jpg</path>
	<source>
		<database>Unknown</database>
	</source>
	<size>
		<width>3456</width>
		<height>4608</height>
		<depth>3</depth>
	</size>
	<segmented>0</segmented>
	<object>
		<name>6</name>
		<pose>Unspecified</pose>
		<truncated>0</truncated>
		<difficult>0</difficult>
		<bndbox>
			<xmin>1211</xmin>
			<ymin>1963</ymin>
			<xmax>1538</xmax>
			<ymax>2604</ymax>
		</bndbox>
	</object>
	<object>
		<name>9</name>
		<pose>Unspecified</pose>
		<truncated>0</truncated>
		<difficult>0</difficult>
		<bndbox>
			<xmin>1551</xmin>
			<ymin>1963</ymin>
			<xmax>1811</xmax>
			<ymax>2557</ymax>
		</bndbox>
	</object>
	<object>
		<name>4</name>
		<pose>Unspecified</pose>
		<truncated>0</truncated>
		<difficult>0</difficult>
		<bndbox>
			<xmin>1804</xmin>
			<ymin>1963</ymin>
			<xmax>2184</xmax>
			<ymax>2511</ymax>
		</bndbox>
	</object>
</annotation>
