<annotation>
	<folder>image_dataset</folder>
	<filename>699_Alqahtani.jpg</filename>
	<path>/home/saad/Saad Alqahtani/image_dataset/699_Alqahtani.jpg</path>
	<source>
		<database>Unknown</database>
	</source>
	<size>
		<width>3456</width>
		<height>4608</height>
		<depth>3</depth>
	</size>
	<segmented>0</segmented>
	<object>
		<name>6</name>
		<pose>Unspecified</pose>
		<truncated>0</truncated>
		<difficult>0</difficult>
		<bndbox>
			<xmin>2288</xmin>
			<ymin>1912</ymin>
			<xmax>2428</xmax>
			<ymax>2145</ymax>
		</bndbox>
	</object>
	<object>
		<name>9</name>
		<pose>Unspecified</pose>
		<truncated>0</truncated>
		<difficult>0</difficult>
		<bndbox>
			<xmin>2432</xmin>
			<ymin>1895</ymin>
			<xmax>2543</xmax>
			<ymax>2132</ymax>
		</bndbox>
	</object>
	<object>
		<name>9</name>
		<pose>Unspecified</pose>
		<truncated>0</truncated>
		<difficult>0</difficult>
		<bndbox>
			<xmin>2570</xmin>
			<ymin>1900</ymin>
			<xmax>2681</xmax>
			<ymax>2117</ymax>
		</bndbox>
	</object>
</annotation>
