<annotation>
	<folder>image_dataset</folder>
	<filename>700_1_Alqahtani.jpg</filename>
	<path>/home/saad/Saad Alqahtani/image_dataset/700_1_Alqahtani.jpg</path>
	<source>
		<database>Unknown</database>
	</source>
	<size>
		<width>3456</width>
		<height>4608</height>
		<depth>3</depth>
	</size>
	<segmented>0</segmented>
	<object>
		<name>7</name>
		<pose>Unspecified</pose>
		<truncated>0</truncated>
		<difficult>0</difficult>
		<bndbox>
			<xmin>2085</xmin>
			<ymin>1613</ymin>
			<xmax>2206</xmax>
			<ymax>1845</ymax>
		</bndbox>
	</object>
	<object>
		<name>0</name>
		<pose>Unspecified</pose>
		<truncated>0</truncated>
		<difficult>0</difficult>
		<bndbox>
			<xmin>2213</xmin>
			<ymin>1625</ymin>
			<xmax>2330</xmax>
			<ymax>1857</ymax>
		</bndbox>
	</object>
	<object>
		<name>0</name>
		<pose>Unspecified</pose>
		<truncated>0</truncated>
		<difficult>0</difficult>
		<bndbox>
			<xmin>2345</xmin>
			<ymin>1615</ymin>
			<xmax>2474</xmax>
			<ymax>1865</ymax>
		</bndbox>
	</object>
</annotation>
