<annotation>
	<folder>image_dataset</folder>
	<filename>706_davis.jpg</filename>
	<path>/home/sachin/EE890_Image/image_dataset/706_davis.jpg</path>
	<source>
		<database>Unknown</database>
	</source>
	<size>
		<width>3456</width>
		<height>4608</height>
		<depth>3</depth>
	</size>
	<segmented>0</segmented>
	<object>
		<name>7</name>
		<pose>Unspecified</pose>
		<truncated>0</truncated>
		<difficult>0</difficult>
		<bndbox>
			<xmin>1491</xmin>
			<ymin>2364</ymin>
			<xmax>1711</xmax>
			<ymax>2784</ymax>
		</bndbox>
	</object>
	<object>
		<name>0</name>
		<pose>Unspecified</pose>
		<truncated>0</truncated>
		<difficult>0</difficult>
		<bndbox>
			<xmin>1771</xmin>
			<ymin>2364</ymin>
			<xmax>1944</xmax>
			<ymax>2857</ymax>
		</bndbox>
	</object>
	<object>
		<name>6</name>
		<pose>Unspecified</pose>
		<truncated>0</truncated>
		<difficult>0</difficult>
		<bndbox>
			<xmin>2018</xmin>
			<ymin>2371</ymin>
			<xmax>2231</xmax>
			<ymax>2837</ymax>
		</bndbox>
	</object>
</annotation>
