<annotation>
	<folder>image_dataset</folder>
	<filename>708_davis.jpg</filename>
	<path>/home/sachin/EE890_Image/image_dataset/708_davis.jpg</path>
	<source>
		<database>Unknown</database>
	</source>
	<size>
		<width>3456</width>
		<height>4608</height>
		<depth>3</depth>
	</size>
	<segmented>0</segmented>
	<object>
		<name>7</name>
		<pose>Unspecified</pose>
		<truncated>0</truncated>
		<difficult>0</difficult>
		<bndbox>
			<xmin>1511</xmin>
			<ymin>2411</ymin>
			<xmax>1718</xmax>
			<ymax>2917</ymax>
		</bndbox>
	</object>
	<object>
		<name>0</name>
		<pose>Unspecified</pose>
		<truncated>0</truncated>
		<difficult>0</difficult>
		<bndbox>
			<xmin>1751</xmin>
			<ymin>2437</ymin>
			<xmax>1971</xmax>
			<ymax>2957</ymax>
		</bndbox>
	</object>
	<object>
		<name>8</name>
		<pose>Unspecified</pose>
		<truncated>0</truncated>
		<difficult>0</difficult>
		<bndbox>
			<xmin>2038</xmin>
			<ymin>2444</ymin>
			<xmax>2251</xmax>
			<ymax>2951</ymax>
		</bndbox>
	</object>
</annotation>
