<annotation>
	<folder>image_dataset</folder>
	<filename>708_Alqahtani.jpg</filename>
	<path>/home/saad/Saad Alqahtani/image_dataset/708_Alqahtani.jpg</path>
	<source>
		<database>Unknown</database>
	</source>
	<size>
		<width>3456</width>
		<height>4608</height>
		<depth>3</depth>
	</size>
	<segmented>0</segmented>
	<object>
		<name>7</name>
		<pose>Unspecified</pose>
		<truncated>0</truncated>
		<difficult>0</difficult>
		<bndbox>
			<xmin>2118</xmin>
			<ymin>2246</ymin>
			<xmax>2234</xmax>
			<ymax>2434</ymax>
		</bndbox>
	</object>
	<object>
		<name>0</name>
		<pose>Unspecified</pose>
		<truncated>0</truncated>
		<difficult>0</difficult>
		<bndbox>
			<xmin>2241</xmin>
			<ymin>2241</ymin>
			<xmax>2336</xmax>
			<ymax>2429</ymax>
		</bndbox>
	</object>
	<object>
		<name>8</name>
		<pose>Unspecified</pose>
		<truncated>0</truncated>
		<difficult>0</difficult>
		<bndbox>
			<xmin>2350</xmin>
			<ymin>2227</ymin>
			<xmax>2440</xmax>
			<ymax>2420</ymax>
		</bndbox>
	</object>
</annotation>
