<annotation>
	<folder>image_dataset</folder>
	<filename>711_davis.jpg</filename>
	<path>/home/sachin/EE890_Image/image_dataset/711_davis.jpg</path>
	<source>
		<database>Unknown</database>
	</source>
	<size>
		<width>3456</width>
		<height>4608</height>
		<depth>3</depth>
	</size>
	<segmented>0</segmented>
	<object>
		<name>7</name>
		<pose>Unspecified</pose>
		<truncated>0</truncated>
		<difficult>0</difficult>
		<bndbox>
			<xmin>1251</xmin>
			<ymin>2277</ymin>
			<xmax>1564</xmax>
			<ymax>2931</ymax>
		</bndbox>
	</object>
	<object>
		<name>1</name>
		<pose>Unspecified</pose>
		<truncated>0</truncated>
		<difficult>0</difficult>
		<bndbox>
			<xmin>1698</xmin>
			<ymin>2371</ymin>
			<xmax>1884</xmax>
			<ymax>2957</ymax>
		</bndbox>
	</object>
	<object>
		<name>1</name>
		<pose>Unspecified</pose>
		<truncated>0</truncated>
		<difficult>0</difficult>
		<bndbox>
			<xmin>2044</xmin>
			<ymin>2411</ymin>
			<xmax>2204</xmax>
			<ymax>2931</ymax>
		</bndbox>
	</object>
</annotation>
