<annotation>
	<folder>Labeling_Photos</folder>
	<filename>713_Lear1.jpg</filename>
	<path>/Users/sam/Desktop/School Stuff/Fall_2019/EE490_Machine_Learning_Python/Project1/Labeling_Photos/713_Lear1.jpg</path>
	<source>
		<database>Unknown</database>
	</source>
	<size>
		<width>3024</width>
		<height>4032</height>
		<depth>3</depth>
	</size>
	<segmented>0</segmented>
	<object>
		<name>7</name>
		<pose>Unspecified</pose>
		<truncated>0</truncated>
		<difficult>0</difficult>
		<bndbox>
			<xmin>374</xmin>
			<ymin>2050</ymin>
			<xmax>655</xmax>
			<ymax>2362</ymax>
		</bndbox>
	</object>
	<object>
		<name>1</name>
		<pose>Unspecified</pose>
		<truncated>0</truncated>
		<difficult>0</difficult>
		<bndbox>
			<xmin>618</xmin>
			<ymin>1962</ymin>
			<xmax>824</xmax>
			<ymax>2269</ymax>
		</bndbox>
	</object>
	<object>
		<name>3</name>
		<pose>Unspecified</pose>
		<truncated>0</truncated>
		<difficult>0</difficult>
		<bndbox>
			<xmin>736</xmin>
			<ymin>1881</ymin>
			<xmax>986</xmax>
			<ymax>2219</ymax>
		</bndbox>
	</object>
</annotation>
