<annotation>
	<folder>image_dataset</folder>
	<filename>718_Alqahtani.jpg</filename>
	<path>/home/saad/Saad Alqahtani/image_dataset/718_Alqahtani.jpg</path>
	<source>
		<database>Unknown</database>
	</source>
	<size>
		<width>3456</width>
		<height>4608</height>
		<depth>3</depth>
	</size>
	<segmented>0</segmented>
	<object>
		<name>7</name>
		<pose>Unspecified</pose>
		<truncated>0</truncated>
		<difficult>0</difficult>
		<bndbox>
			<xmin>1831</xmin>
			<ymin>2453</ymin>
			<xmax>2077</xmax>
			<ymax>2718</ymax>
		</bndbox>
	</object>
	<object>
		<name>1</name>
		<pose>Unspecified</pose>
		<truncated>0</truncated>
		<difficult>0</difficult>
		<bndbox>
			<xmin>2059</xmin>
			<ymin>2542</ymin>
			<xmax>2213</xmax>
			<ymax>2799</ymax>
		</bndbox>
	</object>
	<object>
		<name>8</name>
		<pose>Unspecified</pose>
		<truncated>0</truncated>
		<difficult>0</difficult>
		<bndbox>
			<xmin>2135</xmin>
			<ymin>2624</ymin>
			<xmax>2422</xmax>
			<ymax>2881</ymax>
		</bndbox>
	</object>
</annotation>
