<annotation>
	<folder>new_image_dataset</folder>
	<filename>725_tung.jpg</filename>
	<path>/Users/tung/Desktop/new_image_dataset/725_tung.jpg</path>
	<source>
		<database>Unknown</database>
	</source>
	<size>
		<width>720</width>
		<height>1280</height>
		<depth>3</depth>
	</size>
	<segmented>0</segmented>
	<object>
		<name>7</name>
		<pose>Unspecified</pose>
		<truncated>0</truncated>
		<difficult>0</difficult>
		<bndbox>
			<xmin>269</xmin>
			<ymin>420</ymin>
			<xmax>312</xmax>
			<ymax>499</ymax>
		</bndbox>
	</object>
	<object>
		<name>2</name>
		<pose>Unspecified</pose>
		<truncated>0</truncated>
		<difficult>0</difficult>
		<bndbox>
			<xmin>308</xmin>
			<ymin>412</ymin>
			<xmax>346</xmax>
			<ymax>499</ymax>
		</bndbox>
	</object>
	<object>
		<name>5</name>
		<pose>Unspecified</pose>
		<truncated>0</truncated>
		<difficult>0</difficult>
		<bndbox>
			<xmin>348</xmin>
			<ymin>410</ymin>
			<xmax>386</xmax>
			<ymax>508</ymax>
		</bndbox>
	</object>
</annotation>
