<annotation>
	<folder>image_dataset</folder>
	<filename>736_davis.jpg</filename>
	<path>/home/sachin/EE890_Image/image_dataset/736_davis.jpg</path>
	<source>
		<database>Unknown</database>
	</source>
	<size>
		<width>3456</width>
		<height>4608</height>
		<depth>3</depth>
	</size>
	<segmented>0</segmented>
	<object>
		<name>7</name>
		<pose>Unspecified</pose>
		<truncated>0</truncated>
		<difficult>0</difficult>
		<bndbox>
			<xmin>1344</xmin>
			<ymin>2224</ymin>
			<xmax>1591</xmax>
			<ymax>2697</ymax>
		</bndbox>
	</object>
	<object>
		<name>3</name>
		<pose>Unspecified</pose>
		<truncated>0</truncated>
		<difficult>0</difficult>
		<bndbox>
			<xmin>1611</xmin>
			<ymin>2257</ymin>
			<xmax>1844</xmax>
			<ymax>2711</ymax>
		</bndbox>
	</object>
	<object>
		<name>6</name>
		<pose>Unspecified</pose>
		<truncated>0</truncated>
		<difficult>0</difficult>
		<bndbox>
			<xmin>1831</xmin>
			<ymin>2244</ymin>
			<xmax>2104</xmax>
			<ymax>2704</ymax>
		</bndbox>
	</object>
</annotation>
