<annotation>
	<folder>new_image_dataset</folder>
	<filename>737_tung.jpg</filename>
	<path>/Users/tung/Desktop/new_image_dataset/737_tung.jpg</path>
	<source>
		<database>Unknown</database>
	</source>
	<size>
		<width>720</width>
		<height>1280</height>
		<depth>3</depth>
	</size>
	<segmented>0</segmented>
	<object>
		<name>7</name>
		<pose>Unspecified</pose>
		<truncated>0</truncated>
		<difficult>0</difficult>
		<bndbox>
			<xmin>235</xmin>
			<ymin>406</ymin>
			<xmax>287</xmax>
			<ymax>503</ymax>
		</bndbox>
	</object>
	<object>
		<name>3</name>
		<pose>Unspecified</pose>
		<truncated>0</truncated>
		<difficult>0</difficult>
		<bndbox>
			<xmin>282</xmin>
			<ymin>393</ymin>
			<xmax>327</xmax>
			<ymax>497</ymax>
		</bndbox>
	</object>
	<object>
		<name>7</name>
		<pose>Unspecified</pose>
		<truncated>0</truncated>
		<difficult>0</difficult>
		<bndbox>
			<xmin>320</xmin>
			<ymin>384</ymin>
			<xmax>386</xmax>
			<ymax>472</ymax>
		</bndbox>
	</object>
</annotation>
