<annotation>
	<folder>image_dataset</folder>
	<filename>742_davis.jpg</filename>
	<path>/home/sachin/EE890_Image/image_dataset/742_davis.jpg</path>
	<source>
		<database>Unknown</database>
	</source>
	<size>
		<width>3456</width>
		<height>4608</height>
		<depth>3</depth>
	</size>
	<segmented>0</segmented>
	<object>
		<name>7</name>
		<pose>Unspecified</pose>
		<truncated>0</truncated>
		<difficult>0</difficult>
		<bndbox>
			<xmin>1458</xmin>
			<ymin>2431</ymin>
			<xmax>1678</xmax>
			<ymax>2897</ymax>
		</bndbox>
	</object>
	<object>
		<name>4</name>
		<pose>Unspecified</pose>
		<truncated>0</truncated>
		<difficult>0</difficult>
		<bndbox>
			<xmin>1691</xmin>
			<ymin>2431</ymin>
			<xmax>1911</xmax>
			<ymax>2917</ymax>
		</bndbox>
	</object>
	<object>
		<name>2</name>
		<pose>Unspecified</pose>
		<truncated>0</truncated>
		<difficult>0</difficult>
		<bndbox>
			<xmin>1938</xmin>
			<ymin>2451</ymin>
			<xmax>2144</xmax>
			<ymax>2931</ymax>
		</bndbox>
	</object>
</annotation>
