<annotation>
	<folder>image_dataset</folder>
	<filename>746_davis.jpg</filename>
	<path>/home/sachin/EE890_Image/image_dataset/746_davis.jpg</path>
	<source>
		<database>Unknown</database>
	</source>
	<size>
		<width>3456</width>
		<height>4608</height>
		<depth>3</depth>
	</size>
	<segmented>0</segmented>
	<object>
		<name>7</name>
		<pose>Unspecified</pose>
		<truncated>0</truncated>
		<difficult>0</difficult>
		<bndbox>
			<xmin>1391</xmin>
			<ymin>2284</ymin>
			<xmax>1598</xmax>
			<ymax>2751</ymax>
		</bndbox>
	</object>
	<object>
		<name>4</name>
		<pose>Unspecified</pose>
		<truncated>0</truncated>
		<difficult>0</difficult>
		<bndbox>
			<xmin>1618</xmin>
			<ymin>2284</ymin>
			<xmax>1858</xmax>
			<ymax>2771</ymax>
		</bndbox>
	</object>
	<object>
		<name>6</name>
		<pose>Unspecified</pose>
		<truncated>0</truncated>
		<difficult>0</difficult>
		<bndbox>
			<xmin>1851</xmin>
			<ymin>2277</ymin>
			<xmax>2091</xmax>
			<ymax>2791</ymax>
		</bndbox>
	</object>
</annotation>
