<annotation>
	<folder>image_dataset</folder>
	<filename>747_davis.jpg</filename>
	<path>/home/sachin/EE890_Image/image_dataset/747_davis.jpg</path>
	<source>
		<database>Unknown</database>
	</source>
	<size>
		<width>3456</width>
		<height>4608</height>
		<depth>3</depth>
	</size>
	<segmented>0</segmented>
	<object>
		<name>7</name>
		<pose>Unspecified</pose>
		<truncated>0</truncated>
		<difficult>0</difficult>
		<bndbox>
			<xmin>1031</xmin>
			<ymin>2111</ymin>
			<xmax>1338</xmax>
			<ymax>2757</ymax>
		</bndbox>
	</object>
	<object>
		<name>4</name>
		<pose>Unspecified</pose>
		<truncated>0</truncated>
		<difficult>0</difficult>
		<bndbox>
			<xmin>1364</xmin>
			<ymin>2097</ymin>
			<xmax>1671</xmax>
			<ymax>2797</ymax>
		</bndbox>
	</object>
	<object>
		<name>7</name>
		<pose>Unspecified</pose>
		<truncated>0</truncated>
		<difficult>0</difficult>
		<bndbox>
			<xmin>1691</xmin>
			<ymin>2104</ymin>
			<xmax>1951</xmax>
			<ymax>2777</ymax>
		</bndbox>
	</object>
</annotation>
