<annotation>
	<folder>image_dataset</folder>
	<filename>749_davis.jpg</filename>
	<path>/home/sachin/EE890_Image/image_dataset/749_davis.jpg</path>
	<source>
		<database>Unknown</database>
	</source>
	<size>
		<width>3456</width>
		<height>4608</height>
		<depth>3</depth>
	</size>
	<segmented>0</segmented>
	<object>
		<name>7</name>
		<pose>Unspecified</pose>
		<truncated>0</truncated>
		<difficult>0</difficult>
		<bndbox>
			<xmin>1198</xmin>
			<ymin>1996</ymin>
			<xmax>1518</xmax>
			<ymax>2557</ymax>
		</bndbox>
	</object>
	<object>
		<name>4</name>
		<pose>Unspecified</pose>
		<truncated>0</truncated>
		<difficult>0</difficult>
		<bndbox>
			<xmin>1518</xmin>
			<ymin>1996</ymin>
			<xmax>1838</xmax>
			<ymax>2571</ymax>
		</bndbox>
	</object>
	<object>
		<name>9</name>
		<pose>Unspecified</pose>
		<truncated>0</truncated>
		<difficult>0</difficult>
		<bndbox>
			<xmin>1831</xmin>
			<ymin>1990</ymin>
			<xmax>2151</xmax>
			<ymax>2571</ymax>
		</bndbox>
	</object>
</annotation>
