<annotation>
	<folder>image_dataset</folder>
	<filename>752_davis.jpg</filename>
	<path>/home/sachin/EE890_Image/image_dataset/752_davis.jpg</path>
	<source>
		<database>Unknown</database>
	</source>
	<size>
		<width>3456</width>
		<height>4608</height>
		<depth>3</depth>
	</size>
	<segmented>0</segmented>
	<object>
		<name>7</name>
		<pose>Unspecified</pose>
		<truncated>0</truncated>
		<difficult>0</difficult>
		<bndbox>
			<xmin>1471</xmin>
			<ymin>2451</ymin>
			<xmax>1684</xmax>
			<ymax>2911</ymax>
		</bndbox>
	</object>
	<object>
		<name>5</name>
		<pose>Unspecified</pose>
		<truncated>0</truncated>
		<difficult>0</difficult>
		<bndbox>
			<xmin>1691</xmin>
			<ymin>2451</ymin>
			<xmax>1918</xmax>
			<ymax>2944</ymax>
		</bndbox>
	</object>
	<object>
		<name>2</name>
		<pose>Unspecified</pose>
		<truncated>0</truncated>
		<difficult>0</difficult>
		<bndbox>
			<xmin>1918</xmin>
			<ymin>2444</ymin>
			<xmax>2158</xmax>
			<ymax>2964</ymax>
		</bndbox>
	</object>
</annotation>
