<annotation>
	<folder>image_dataset</folder>
	<filename>754_davis.jpg</filename>
	<path>/home/sachin/EE890_Image/image_dataset/754_davis.jpg</path>
	<source>
		<database>Unknown</database>
	</source>
	<size>
		<width>3456</width>
		<height>4608</height>
		<depth>3</depth>
	</size>
	<segmented>0</segmented>
	<object>
		<name>7</name>
		<pose>Unspecified</pose>
		<truncated>0</truncated>
		<difficult>0</difficult>
		<bndbox>
			<xmin>1084</xmin>
			<ymin>2077</ymin>
			<xmax>1364</xmax>
			<ymax>2644</ymax>
		</bndbox>
	</object>
	<object>
		<name>5</name>
		<pose>Unspecified</pose>
		<truncated>0</truncated>
		<difficult>0</difficult>
		<bndbox>
			<xmin>1378</xmin>
			<ymin>2057</ymin>
			<xmax>1658</xmax>
			<ymax>2677</ymax>
		</bndbox>
	</object>
	<object>
		<name>4</name>
		<pose>Unspecified</pose>
		<truncated>0</truncated>
		<difficult>0</difficult>
		<bndbox>
			<xmin>1684</xmin>
			<ymin>2043</ymin>
			<xmax>1971</xmax>
			<ymax>2651</ymax>
		</bndbox>
	</object>
</annotation>
