<annotation>
	<folder>image_dataset</folder>
	<filename>758_davis.jpg</filename>
	<path>/home/sachin/EE890_Image/image_dataset/758_davis.jpg</path>
	<source>
		<database>Unknown</database>
	</source>
	<size>
		<width>3456</width>
		<height>4608</height>
		<depth>3</depth>
	</size>
	<segmented>0</segmented>
	<object>
		<name>7</name>
		<pose>Unspecified</pose>
		<truncated>0</truncated>
		<difficult>0</difficult>
		<bndbox>
			<xmin>1291</xmin>
			<ymin>2043</ymin>
			<xmax>1564</xmax>
			<ymax>2671</ymax>
		</bndbox>
	</object>
	<object>
		<name>5</name>
		<pose>Unspecified</pose>
		<truncated>0</truncated>
		<difficult>0</difficult>
		<bndbox>
			<xmin>1578</xmin>
			<ymin>2016</ymin>
			<xmax>1871</xmax>
			<ymax>2697</ymax>
		</bndbox>
	</object>
	<object>
		<name>8</name>
		<pose>Unspecified</pose>
		<truncated>0</truncated>
		<difficult>0</difficult>
		<bndbox>
			<xmin>1904</xmin>
			<ymin>2051</ymin>
			<xmax>2218</xmax>
			<ymax>2717</ymax>
		</bndbox>
	</object>
</annotation>
