<annotation>
	<folder>image_dataset</folder>
	<filename>761_davis.jpg</filename>
	<path>/home/sachin/EE890_Image/image_dataset/761_davis.jpg</path>
	<source>
		<database>Unknown</database>
	</source>
	<size>
		<width>3456</width>
		<height>4608</height>
		<depth>3</depth>
	</size>
	<segmented>0</segmented>
	<object>
		<name>7</name>
		<pose>Unspecified</pose>
		<truncated>0</truncated>
		<difficult>0</difficult>
		<bndbox>
			<xmin>1504</xmin>
			<ymin>2043</ymin>
			<xmax>1744</xmax>
			<ymax>2651</ymax>
		</bndbox>
	</object>
	<object>
		<name>6</name>
		<pose>Unspecified</pose>
		<truncated>0</truncated>
		<difficult>0</difficult>
		<bndbox>
			<xmin>1738</xmin>
			<ymin>2051</ymin>
			<xmax>2051</xmax>
			<ymax>2657</ymax>
		</bndbox>
	</object>
	<object>
		<name>1</name>
		<pose>Unspecified</pose>
		<truncated>0</truncated>
		<difficult>0</difficult>
		<bndbox>
			<xmin>2171</xmin>
			<ymin>2064</ymin>
			<xmax>2358</xmax>
			<ymax>2677</ymax>
		</bndbox>
	</object>
</annotation>
