<annotation>
	<folder>image_dataset</folder>
	<filename>768_davis_2.jpg</filename>
	<path>/home/sachin/EE890_Image/image_dataset/768_davis_2.jpg</path>
	<source>
		<database>Unknown</database>
	</source>
	<size>
		<width>3456</width>
		<height>4608</height>
		<depth>3</depth>
	</size>
	<segmented>0</segmented>
	<object>
		<name>7</name>
		<pose>Unspecified</pose>
		<truncated>0</truncated>
		<difficult>0</difficult>
		<bndbox>
			<xmin>1444</xmin>
			<ymin>1636</ymin>
			<xmax>1744</xmax>
			<ymax>2184</ymax>
		</bndbox>
	</object>
	<object>
		<name>6</name>
		<pose>Unspecified</pose>
		<truncated>0</truncated>
		<difficult>0</difficult>
		<bndbox>
			<xmin>1744</xmin>
			<ymin>1630</ymin>
			<xmax>2018</xmax>
			<ymax>2197</ymax>
		</bndbox>
	</object>
	<object>
		<name>8</name>
		<pose>Unspecified</pose>
		<truncated>0</truncated>
		<difficult>0</difficult>
		<bndbox>
			<xmin>1998</xmin>
			<ymin>1623</ymin>
			<xmax>2311</xmax>
			<ymax>2211</ymax>
		</bndbox>
	</object>
</annotation>
