<annotation>
	<folder>image_dataset</folder>
	<filename>768_davis_1.jpg</filename>
	<path>/home/sachin/EE890_Image/image_dataset/768_davis_1.jpg</path>
	<source>
		<database>Unknown</database>
	</source>
	<size>
		<width>3456</width>
		<height>4608</height>
		<depth>3</depth>
	</size>
	<segmented>0</segmented>
	<object>
		<name>7</name>
		<pose>Unspecified</pose>
		<truncated>0</truncated>
		<difficult>0</difficult>
		<bndbox>
			<xmin>1224</xmin>
			<ymin>2217</ymin>
			<xmax>1464</xmax>
			<ymax>2691</ymax>
		</bndbox>
	</object>
	<object>
		<name>6</name>
		<pose>Unspecified</pose>
		<truncated>0</truncated>
		<difficult>0</difficult>
		<bndbox>
			<xmin>1458</xmin>
			<ymin>2217</ymin>
			<xmax>1698</xmax>
			<ymax>2684</ymax>
		</bndbox>
	</object>
	<object>
		<name>8</name>
		<pose>Unspecified</pose>
		<truncated>0</truncated>
		<difficult>0</difficult>
		<bndbox>
			<xmin>1698</xmin>
			<ymin>2224</ymin>
			<xmax>1958</xmax>
			<ymax>2704</ymax>
		</bndbox>
	</object>
</annotation>
