<annotation>
	<folder>image_dataset</folder>
	<filename>771_Alqahtani.jpg</filename>
	<path>/home/saad/Saad Alqahtani/image_dataset/771_Alqahtani.jpg</path>
	<source>
		<database>Unknown</database>
	</source>
	<size>
		<width>3456</width>
		<height>4608</height>
		<depth>3</depth>
	</size>
	<segmented>0</segmented>
	<object>
		<name>7</name>
		<pose>Unspecified</pose>
		<truncated>0</truncated>
		<difficult>0</difficult>
		<bndbox>
			<xmin>1831</xmin>
			<ymin>2407</ymin>
			<xmax>1975</xmax>
			<ymax>2716</ymax>
		</bndbox>
	</object>
	<object>
		<name>7</name>
		<pose>Unspecified</pose>
		<truncated>0</truncated>
		<difficult>0</difficult>
		<bndbox>
			<xmin>2000</xmin>
			<ymin>2395</ymin>
			<xmax>2118</xmax>
			<ymax>2722</ymax>
		</bndbox>
	</object>
	<object>
		<name>1</name>
		<pose>Unspecified</pose>
		<truncated>0</truncated>
		<difficult>0</difficult>
		<bndbox>
			<xmin>2199</xmin>
			<ymin>2411</ymin>
			<xmax>2282</xmax>
			<ymax>2711</ymax>
		</bndbox>
	</object>
</annotation>
