<annotation>
	<folder>Project1_Raw_Data</folder>
	<filename>772_Xiang.jpg</filename>
	<path>C:\Users\Mingren Xiang\Desktop\Fall2019\Machine Learning class\Project1_Raw_Data\772_Xiang.jpg</path>
	<source>
		<database>Unknown</database>
	</source>
	<size>
		<width>1080</width>
		<height>1440</height>
		<depth>3</depth>
	</size>
	<segmented>0</segmented>
	<object>
		<name>7</name>
		<pose>Unspecified</pose>
		<truncated>0</truncated>
		<difficult>0</difficult>
		<bndbox>
			<xmin>324</xmin>
			<ymin>530</ymin>
			<xmax>416</xmax>
			<ymax>681</ymax>
		</bndbox>
	</object>
	<object>
		<name>7</name>
		<pose>Unspecified</pose>
		<truncated>0</truncated>
		<difficult>0</difficult>
		<bndbox>
			<xmin>416</xmin>
			<ymin>539</ymin>
			<xmax>493</xmax>
			<ymax>684</ymax>
		</bndbox>
	</object>
	<object>
		<name>2</name>
		<pose>Unspecified</pose>
		<truncated>0</truncated>
		<difficult>0</difficult>
		<bndbox>
			<xmin>487</xmin>
			<ymin>541</ymin>
			<xmax>570</xmax>
			<ymax>690</ymax>
		</bndbox>
	</object>
</annotation>
