<annotation>
	<folder>image_dataset</folder>
	<filename>773_davis.jpg</filename>
	<path>/home/sachin/EE890_Image/image_dataset/773_davis.jpg</path>
	<source>
		<database>Unknown</database>
	</source>
	<size>
		<width>3456</width>
		<height>4608</height>
		<depth>3</depth>
	</size>
	<segmented>0</segmented>
	<object>
		<name>7</name>
		<pose>Unspecified</pose>
		<truncated>0</truncated>
		<difficult>0</difficult>
		<bndbox>
			<xmin>1471</xmin>
			<ymin>2137</ymin>
			<xmax>1691</xmax>
			<ymax>2644</ymax>
		</bndbox>
	</object>
	<object>
		<name>7</name>
		<pose>Unspecified</pose>
		<truncated>0</truncated>
		<difficult>0</difficult>
		<bndbox>
			<xmin>1724</xmin>
			<ymin>2184</ymin>
			<xmax>1951</xmax>
			<ymax>2717</ymax>
		</bndbox>
	</object>
	<object>
		<name>3</name>
		<pose>Unspecified</pose>
		<truncated>0</truncated>
		<difficult>0</difficult>
		<bndbox>
			<xmin>1998</xmin>
			<ymin>2211</ymin>
			<xmax>2204</xmax>
			<ymax>2737</ymax>
		</bndbox>
	</object>
</annotation>
