<annotation>
	<folder>image_dataset</folder>
	<filename>774_davis_2.jpg</filename>
	<path>/home/sachin/EE890_Image/image_dataset/774_davis_2.jpg</path>
	<source>
		<database>Unknown</database>
	</source>
	<size>
		<width>3456</width>
		<height>4608</height>
		<depth>3</depth>
	</size>
	<segmented>0</segmented>
	<object>
		<name>7</name>
		<pose>Unspecified</pose>
		<truncated>0</truncated>
		<difficult>0</difficult>
		<bndbox>
			<xmin>1438</xmin>
			<ymin>1643</ymin>
			<xmax>1684</xmax>
			<ymax>2177</ymax>
		</bndbox>
	</object>
	<object>
		<name>7</name>
		<pose>Unspecified</pose>
		<truncated>0</truncated>
		<difficult>0</difficult>
		<bndbox>
			<xmin>1731</xmin>
			<ymin>1643</ymin>
			<xmax>1964</xmax>
			<ymax>2171</ymax>
		</bndbox>
	</object>
	<object>
		<name>4</name>
		<pose>Unspecified</pose>
		<truncated>0</truncated>
		<difficult>0</difficult>
		<bndbox>
			<xmin>2024</xmin>
			<ymin>1643</ymin>
			<xmax>2271</xmax>
			<ymax>2164</ymax>
		</bndbox>
	</object>
</annotation>
