<annotation>
	<folder>image_dataset</folder>
	<filename>774_davis_1.jpg</filename>
	<path>/home/sachin/EE890_Image/image_dataset/774_davis_1.jpg</path>
	<source>
		<database>Unknown</database>
	</source>
	<size>
		<width>3456</width>
		<height>4608</height>
		<depth>3</depth>
	</size>
	<segmented>0</segmented>
	<object>
		<name>7</name>
		<pose>Unspecified</pose>
		<truncated>0</truncated>
		<difficult>0</difficult>
		<bndbox>
			<xmin>1018</xmin>
			<ymin>2030</ymin>
			<xmax>1324</xmax>
			<ymax>2617</ymax>
		</bndbox>
	</object>
	<object>
		<name>7</name>
		<pose>Unspecified</pose>
		<truncated>0</truncated>
		<difficult>0</difficult>
		<bndbox>
			<xmin>1338</xmin>
			<ymin>2016</ymin>
			<xmax>1631</xmax>
			<ymax>2624</ymax>
		</bndbox>
	</object>
	<object>
		<name>4</name>
		<pose>Unspecified</pose>
		<truncated>0</truncated>
		<difficult>0</difficult>
		<bndbox>
			<xmin>1651</xmin>
			<ymin>2023</ymin>
			<xmax>1978</xmax>
			<ymax>2611</ymax>
		</bndbox>
	</object>
</annotation>
