<annotation>
	<folder>new_image_dataset</folder>
	<filename>775_tung.jpg</filename>
	<path>/Users/tung/Desktop/new_image_dataset/775_tung.jpg</path>
	<source>
		<database>Unknown</database>
	</source>
	<size>
		<width>720</width>
		<height>1280</height>
		<depth>3</depth>
	</size>
	<segmented>0</segmented>
	<object>
		<name>7</name>
		<pose>Unspecified</pose>
		<truncated>0</truncated>
		<difficult>0</difficult>
		<bndbox>
			<xmin>316</xmin>
			<ymin>384</ymin>
			<xmax>376</xmax>
			<ymax>474</ymax>
		</bndbox>
	</object>
	<object>
		<name>7</name>
		<pose>Unspecified</pose>
		<truncated>0</truncated>
		<difficult>0</difficult>
		<bndbox>
			<xmin>344</xmin>
			<ymin>416</ymin>
			<xmax>423</xmax>
			<ymax>506</ymax>
		</bndbox>
	</object>
	<object>
		<name>5</name>
		<pose>Unspecified</pose>
		<truncated>0</truncated>
		<difficult>0</difficult>
		<bndbox>
			<xmin>374</xmin>
			<ymin>455</ymin>
			<xmax>448</xmax>
			<ymax>531</ymax>
		</bndbox>
	</object>
</annotation>
