<annotation>
	<folder>image_dataset</folder>
	<filename>778_davis.jpg</filename>
	<path>/home/sachin/EE890_Image/image_dataset/778_davis.jpg</path>
	<source>
		<database>Unknown</database>
	</source>
	<size>
		<width>3456</width>
		<height>4608</height>
		<depth>3</depth>
	</size>
	<segmented>0</segmented>
	<object>
		<name>7</name>
		<pose>Unspecified</pose>
		<truncated>0</truncated>
		<difficult>0</difficult>
		<bndbox>
			<xmin>1438</xmin>
			<ymin>2337</ymin>
			<xmax>1644</xmax>
			<ymax>2804</ymax>
		</bndbox>
	</object>
	<object>
		<name>7</name>
		<pose>Unspecified</pose>
		<truncated>0</truncated>
		<difficult>0</difficult>
		<bndbox>
			<xmin>1664</xmin>
			<ymin>2331</ymin>
			<xmax>1878</xmax>
			<ymax>2811</ymax>
		</bndbox>
	</object>
	<object>
		<name>8</name>
		<pose>Unspecified</pose>
		<truncated>0</truncated>
		<difficult>0</difficult>
		<bndbox>
			<xmin>1904</xmin>
			<ymin>2324</ymin>
			<xmax>2158</xmax>
			<ymax>2837</ymax>
		</bndbox>
	</object>
</annotation>
