<annotation>
	<folder>image_dataset</folder>
	<filename>779_davis.jpg</filename>
	<path>/home/sachin/EE890_Image/image_dataset/779_davis.jpg</path>
	<source>
		<database>Unknown</database>
	</source>
	<size>
		<width>3456</width>
		<height>4608</height>
		<depth>3</depth>
	</size>
	<segmented>0</segmented>
	<object>
		<name>7</name>
		<pose>Unspecified</pose>
		<truncated>0</truncated>
		<difficult>0</difficult>
		<bndbox>
			<xmin>1471</xmin>
			<ymin>2484</ymin>
			<xmax>1664</xmax>
			<ymax>2971</ymax>
		</bndbox>
	</object>
	<object>
		<name>7</name>
		<pose>Unspecified</pose>
		<truncated>0</truncated>
		<difficult>0</difficult>
		<bndbox>
			<xmin>1698</xmin>
			<ymin>2471</ymin>
			<xmax>1944</xmax>
			<ymax>2971</ymax>
		</bndbox>
	</object>
	<object>
		<name>9</name>
		<pose>Unspecified</pose>
		<truncated>0</truncated>
		<difficult>0</difficult>
		<bndbox>
			<xmin>1951</xmin>
			<ymin>2471</ymin>
			<xmax>2211</xmax>
			<ymax>3011</ymax>
		</bndbox>
	</object>
</annotation>
