<annotation>
	<folder>image_dataset</folder>
	<filename>780_davis.jpg</filename>
	<path>/home/sachin/EE890_Image/image_dataset/780_davis.jpg</path>
	<source>
		<database>Unknown</database>
	</source>
	<size>
		<width>3456</width>
		<height>4608</height>
		<depth>3</depth>
	</size>
	<segmented>0</segmented>
	<object>
		<name>7</name>
		<pose>Unspecified</pose>
		<truncated>0</truncated>
		<difficult>0</difficult>
		<bndbox>
			<xmin>1284</xmin>
			<ymin>1710</ymin>
			<xmax>1551</xmax>
			<ymax>2291</ymax>
		</bndbox>
	</object>
	<object>
		<name>8</name>
		<pose>Unspecified</pose>
		<truncated>0</truncated>
		<difficult>0</difficult>
		<bndbox>
			<xmin>1558</xmin>
			<ymin>1703</ymin>
			<xmax>1878</xmax>
			<ymax>2297</ymax>
		</bndbox>
	</object>
	<object>
		<name>0</name>
		<pose>Unspecified</pose>
		<truncated>0</truncated>
		<difficult>0</difficult>
		<bndbox>
			<xmin>1878</xmin>
			<ymin>1696</ymin>
			<xmax>2151</xmax>
			<ymax>2291</ymax>
		</bndbox>
	</object>
</annotation>
