<annotation>
	<folder>image_dataset</folder>
	<filename>783_davis.jpg</filename>
	<path>/home/sachin/EE890_Image/image_dataset/783_davis.jpg</path>
	<source>
		<database>Unknown</database>
	</source>
	<size>
		<width>3456</width>
		<height>4608</height>
		<depth>3</depth>
	</size>
	<segmented>0</segmented>
	<object>
		<name>7</name>
		<pose>Unspecified</pose>
		<truncated>0</truncated>
		<difficult>0</difficult>
		<bndbox>
			<xmin>1458</xmin>
			<ymin>2244</ymin>
			<xmax>1658</xmax>
			<ymax>2684</ymax>
		</bndbox>
	</object>
	<object>
		<name>8</name>
		<pose>Unspecified</pose>
		<truncated>0</truncated>
		<difficult>0</difficult>
		<bndbox>
			<xmin>1684</xmin>
			<ymin>2231</ymin>
			<xmax>1911</xmax>
			<ymax>2751</ymax>
		</bndbox>
	</object>
	<object>
		<name>3</name>
		<pose>Unspecified</pose>
		<truncated>0</truncated>
		<difficult>0</difficult>
		<bndbox>
			<xmin>1958</xmin>
			<ymin>2265</ymin>
			<xmax>2172</xmax>
			<ymax>2771</ymax>
		</bndbox>
	</object>
</annotation>
