<annotation>
	<folder>image_dataset</folder>
	<filename>785_davis.jpg</filename>
	<path>/home/sachin/EE890_Image/image_dataset/785_davis.jpg</path>
	<source>
		<database>Unknown</database>
	</source>
	<size>
		<width>3456</width>
		<height>4608</height>
		<depth>3</depth>
	</size>
	<segmented>0</segmented>
	<object>
		<name>7</name>
		<pose>Unspecified</pose>
		<truncated>0</truncated>
		<difficult>0</difficult>
		<bndbox>
			<xmin>1324</xmin>
			<ymin>2411</ymin>
			<xmax>1584</xmax>
			<ymax>2937</ymax>
		</bndbox>
	</object>
	<object>
		<name>8</name>
		<pose>Unspecified</pose>
		<truncated>0</truncated>
		<difficult>0</difficult>
		<bndbox>
			<xmin>1598</xmin>
			<ymin>2411</ymin>
			<xmax>1871</xmax>
			<ymax>2937</ymax>
		</bndbox>
	</object>
	<object>
		<name>5</name>
		<pose>Unspecified</pose>
		<truncated>0</truncated>
		<difficult>0</difficult>
		<bndbox>
			<xmin>1884</xmin>
			<ymin>2404</ymin>
			<xmax>2144</xmax>
			<ymax>2971</ymax>
		</bndbox>
	</object>
</annotation>
