<annotation>
	<folder>image_dataset</folder>
	<filename>786_davis.jpg</filename>
	<path>/home/sachin/EE890_Image/image_dataset/786_davis.jpg</path>
	<source>
		<database>Unknown</database>
	</source>
	<size>
		<width>3456</width>
		<height>4608</height>
		<depth>3</depth>
	</size>
	<segmented>0</segmented>
	<object>
		<name>7</name>
		<pose>Unspecified</pose>
		<truncated>0</truncated>
		<difficult>0</difficult>
		<bndbox>
			<xmin>1458</xmin>
			<ymin>1670</ymin>
			<xmax>1744</xmax>
			<ymax>2204</ymax>
		</bndbox>
	</object>
	<object>
		<name>8</name>
		<pose>Unspecified</pose>
		<truncated>0</truncated>
		<difficult>0</difficult>
		<bndbox>
			<xmin>1724</xmin>
			<ymin>1670</ymin>
			<xmax>2011</xmax>
			<ymax>2204</ymax>
		</bndbox>
	</object>
	<object>
		<name>6</name>
		<pose>Unspecified</pose>
		<truncated>0</truncated>
		<difficult>0</difficult>
		<bndbox>
			<xmin>2024</xmin>
			<ymin>1650</ymin>
			<xmax>2304</xmax>
			<ymax>2191</ymax>
		</bndbox>
	</object>
</annotation>
