<annotation>
	<folder>image_dataset</folder>
	<filename>788_davis.jpg</filename>
	<path>/home/sachin/EE890_Image/image_dataset/788_davis.jpg</path>
	<source>
		<database>Unknown</database>
	</source>
	<size>
		<width>3456</width>
		<height>4608</height>
		<depth>3</depth>
	</size>
	<segmented>0</segmented>
	<object>
		<name>7</name>
		<pose>Unspecified</pose>
		<truncated>0</truncated>
		<difficult>0</difficult>
		<bndbox>
			<xmin>1464</xmin>
			<ymin>1670</ymin>
			<xmax>1704</xmax>
			<ymax>2164</ymax>
		</bndbox>
	</object>
	<object>
		<name>8</name>
		<pose>Unspecified</pose>
		<truncated>0</truncated>
		<difficult>0</difficult>
		<bndbox>
			<xmin>1698</xmin>
			<ymin>1670</ymin>
			<xmax>1984</xmax>
			<ymax>2191</ymax>
		</bndbox>
	</object>
	<object>
		<name>8</name>
		<pose>Unspecified</pose>
		<truncated>0</truncated>
		<difficult>0</difficult>
		<bndbox>
			<xmin>1991</xmin>
			<ymin>1696</ymin>
			<xmax>2264</xmax>
			<ymax>2177</ymax>
		</bndbox>
	</object>
</annotation>
