<annotation>
	<folder>image_dataset</folder>
	<filename>790_davis.jpg</filename>
	<path>/home/sachin/EE890_Image/image_dataset/790_davis.jpg</path>
	<source>
		<database>Unknown</database>
	</source>
	<size>
		<width>3456</width>
		<height>4608</height>
		<depth>3</depth>
	</size>
	<segmented>0</segmented>
	<object>
		<name>7</name>
		<pose>Unspecified</pose>
		<truncated>0</truncated>
		<difficult>0</difficult>
		<bndbox>
			<xmin>1304</xmin>
			<ymin>2311</ymin>
			<xmax>1578</xmax>
			<ymax>2851</ymax>
		</bndbox>
	</object>
	<object>
		<name>9</name>
		<pose>Unspecified</pose>
		<truncated>0</truncated>
		<difficult>0</difficult>
		<bndbox>
			<xmin>1591</xmin>
			<ymin>2311</ymin>
			<xmax>1851</xmax>
			<ymax>2857</ymax>
		</bndbox>
	</object>
	<object>
		<name>0</name>
		<pose>Unspecified</pose>
		<truncated>0</truncated>
		<difficult>0</difficult>
		<bndbox>
			<xmin>1864</xmin>
			<ymin>2304</ymin>
			<xmax>2158</xmax>
			<ymax>2844</ymax>
		</bndbox>
	</object>
</annotation>
