<annotation>
	<folder>image_dataset</folder>
	<filename>792_davis.jpg</filename>
	<path>/home/sachin/EE890_Image/image_dataset/792_davis.jpg</path>
	<source>
		<database>Unknown</database>
	</source>
	<size>
		<width>3456</width>
		<height>4608</height>
		<depth>3</depth>
	</size>
	<segmented>0</segmented>
	<object>
		<name>7</name>
		<pose>Unspecified</pose>
		<truncated>0</truncated>
		<difficult>0</difficult>
		<bndbox>
			<xmin>1438</xmin>
			<ymin>1636</ymin>
			<xmax>1691</xmax>
			<ymax>2164</ymax>
		</bndbox>
	</object>
	<object>
		<name>9</name>
		<pose>Unspecified</pose>
		<truncated>0</truncated>
		<difficult>0</difficult>
		<bndbox>
			<xmin>1711</xmin>
			<ymin>1616</ymin>
			<xmax>1978</xmax>
			<ymax>2177</ymax>
		</bndbox>
	</object>
	<object>
		<name>2</name>
		<pose>Unspecified</pose>
		<truncated>0</truncated>
		<difficult>0</difficult>
		<bndbox>
			<xmin>1971</xmin>
			<ymin>1603</ymin>
			<xmax>2251</xmax>
			<ymax>2171</ymax>
		</bndbox>
	</object>
</annotation>
