<annotation>
	<folder>image_dataset</folder>
	<filename>796_davis.jpg</filename>
	<path>/home/sachin/EE890_Image/image_dataset/796_davis.jpg</path>
	<source>
		<database>Unknown</database>
	</source>
	<size>
		<width>3456</width>
		<height>4608</height>
		<depth>3</depth>
	</size>
	<segmented>0</segmented>
	<object>
		<name>7</name>
		<pose>Unspecified</pose>
		<truncated>0</truncated>
		<difficult>0</difficult>
		<bndbox>
			<xmin>1358</xmin>
			<ymin>2277</ymin>
			<xmax>1624</xmax>
			<ymax>2791</ymax>
		</bndbox>
	</object>
	<object>
		<name>9</name>
		<pose>Unspecified</pose>
		<truncated>0</truncated>
		<difficult>0</difficult>
		<bndbox>
			<xmin>1631</xmin>
			<ymin>2277</ymin>
			<xmax>1911</xmax>
			<ymax>2817</ymax>
		</bndbox>
	</object>
	<object>
		<name>6</name>
		<pose>Unspecified</pose>
		<truncated>0</truncated>
		<difficult>0</difficult>
		<bndbox>
			<xmin>1911</xmin>
			<ymin>2277</ymin>
			<xmax>2204</xmax>
			<ymax>2817</ymax>
		</bndbox>
	</object>
</annotation>
