<annotation>
	<folder>image_dataset</folder>
	<filename>797_davis.jpg</filename>
	<path>/home/sachin/EE890_Image/image_dataset/797_davis.jpg</path>
	<source>
		<database>Unknown</database>
	</source>
	<size>
		<width>3456</width>
		<height>4608</height>
		<depth>3</depth>
	</size>
	<segmented>0</segmented>
	<object>
		<name>7</name>
		<pose>Unspecified</pose>
		<truncated>0</truncated>
		<difficult>0</difficult>
		<bndbox>
			<xmin>1244</xmin>
			<ymin>1983</ymin>
			<xmax>1504</xmax>
			<ymax>2571</ymax>
		</bndbox>
	</object>
	<object>
		<name>9</name>
		<pose>Unspecified</pose>
		<truncated>0</truncated>
		<difficult>0</difficult>
		<bndbox>
			<xmin>1491</xmin>
			<ymin>1963</ymin>
			<xmax>1844</xmax>
			<ymax>2591</ymax>
		</bndbox>
	</object>
	<object>
		<name>7</name>
		<pose>Unspecified</pose>
		<truncated>0</truncated>
		<difficult>0</difficult>
		<bndbox>
			<xmin>1838</xmin>
			<ymin>1950</ymin>
			<xmax>2138</xmax>
			<ymax>2557</ymax>
		</bndbox>
	</object>
</annotation>
