<annotation>
	<folder>image_dataset</folder>
	<filename>801_davis.jpg</filename>
	<path>/home/sachin/EE890_Image/image_dataset/801_davis.jpg</path>
	<source>
		<database>Unknown</database>
	</source>
	<size>
		<width>3456</width>
		<height>4608</height>
		<depth>3</depth>
	</size>
	<segmented>0</segmented>
	<object>
		<name>8</name>
		<pose>Unspecified</pose>
		<truncated>0</truncated>
		<difficult>0</difficult>
		<bndbox>
			<xmin>1304</xmin>
			<ymin>2424</ymin>
			<xmax>1584</xmax>
			<ymax>2977</ymax>
		</bndbox>
	</object>
	<object>
		<name>0</name>
		<pose>Unspecified</pose>
		<truncated>0</truncated>
		<difficult>0</difficult>
		<bndbox>
			<xmin>1571</xmin>
			<ymin>2411</ymin>
			<xmax>1871</xmax>
			<ymax>2931</ymax>
		</bndbox>
	</object>
	<object>
		<name>1</name>
		<pose>Unspecified</pose>
		<truncated>0</truncated>
		<difficult>0</difficult>
		<bndbox>
			<xmin>2004</xmin>
			<ymin>2437</ymin>
			<xmax>2151</xmax>
			<ymax>2957</ymax>
		</bndbox>
	</object>
</annotation>
