<annotation>
	<folder>image_dataset</folder>
	<filename>805_davis.jpg</filename>
	<path>/home/sachin/EE890_Image/image_dataset/805_davis.jpg</path>
	<source>
		<database>Unknown</database>
	</source>
	<size>
		<width>3456</width>
		<height>4608</height>
		<depth>3</depth>
	</size>
	<segmented>0</segmented>
	<object>
		<name>8</name>
		<pose>Unspecified</pose>
		<truncated>0</truncated>
		<difficult>0</difficult>
		<bndbox>
			<xmin>1471</xmin>
			<ymin>2144</ymin>
			<xmax>1724</xmax>
			<ymax>2637</ymax>
		</bndbox>
	</object>
	<object>
		<name>0</name>
		<pose>Unspecified</pose>
		<truncated>0</truncated>
		<difficult>0</difficult>
		<bndbox>
			<xmin>1731</xmin>
			<ymin>2151</ymin>
			<xmax>1991</xmax>
			<ymax>2657</ymax>
		</bndbox>
	</object>
	<object>
		<name>5</name>
		<pose>Unspecified</pose>
		<truncated>0</truncated>
		<difficult>0</difficult>
		<bndbox>
			<xmin>1984</xmin>
			<ymin>2131</ymin>
			<xmax>2258</xmax>
			<ymax>2611</ymax>
		</bndbox>
	</object>
</annotation>
