<annotation>
	<folder>image_dataset</folder>
	<filename>806_Alqahtani.jpg</filename>
	<path>/home/saad/Saad Alqahtani/image_dataset/806_Alqahtani.jpg</path>
	<source>
		<database>Unknown</database>
	</source>
	<size>
		<width>3456</width>
		<height>4608</height>
		<depth>3</depth>
	</size>
	<segmented>0</segmented>
	<object>
		<name>8</name>
		<pose>Unspecified</pose>
		<truncated>0</truncated>
		<difficult>0</difficult>
		<bndbox>
			<xmin>1242</xmin>
			<ymin>1386</ymin>
			<xmax>1433</xmax>
			<ymax>1774</ymax>
		</bndbox>
	</object>
	<object>
		<name>0</name>
		<pose>Unspecified</pose>
		<truncated>0</truncated>
		<difficult>0</difficult>
		<bndbox>
			<xmin>1451</xmin>
			<ymin>1421</ymin>
			<xmax>1658</xmax>
			<ymax>1758</ymax>
		</bndbox>
	</object>
	<object>
		<name>6</name>
		<pose>Unspecified</pose>
		<truncated>0</truncated>
		<difficult>0</difficult>
		<bndbox>
			<xmin>1676</xmin>
			<ymin>1393</ymin>
			<xmax>1839</xmax>
			<ymax>1768</ymax>
		</bndbox>
	</object>
</annotation>
