<annotation>
	<folder>image_dataset</folder>
	<filename>806_davis_2.jpg</filename>
	<path>/home/sachin/EE890_Image/image_dataset/806_davis_2.jpg</path>
	<source>
		<database>Unknown</database>
	</source>
	<size>
		<width>3456</width>
		<height>4608</height>
		<depth>3</depth>
	</size>
	<segmented>0</segmented>
	<object>
		<name>8</name>
		<pose>Unspecified</pose>
		<truncated>0</truncated>
		<difficult>0</difficult>
		<bndbox>
			<xmin>1398</xmin>
			<ymin>1656</ymin>
			<xmax>1698</xmax>
			<ymax>2211</ymax>
		</bndbox>
	</object>
	<object>
		<name>0</name>
		<pose>Unspecified</pose>
		<truncated>0</truncated>
		<difficult>0</difficult>
		<bndbox>
			<xmin>1684</xmin>
			<ymin>1656</ymin>
			<xmax>1971</xmax>
			<ymax>2191</ymax>
		</bndbox>
	</object>
	<object>
		<name>6</name>
		<pose>Unspecified</pose>
		<truncated>0</truncated>
		<difficult>0</difficult>
		<bndbox>
			<xmin>1978</xmin>
			<ymin>1643</ymin>
			<xmax>2278</xmax>
			<ymax>2191</ymax>
		</bndbox>
	</object>
</annotation>
