<annotation>
	<folder>image_dataset</folder>
	<filename>806_davis_1.jpg</filename>
	<path>/home/sachin/EE890_Image/image_dataset/806_davis_1.jpg</path>
	<source>
		<database>Unknown</database>
	</source>
	<size>
		<width>3456</width>
		<height>4608</height>
		<depth>3</depth>
	</size>
	<segmented>0</segmented>
	<object>
		<name>8</name>
		<pose>Unspecified</pose>
		<truncated>0</truncated>
		<difficult>0</difficult>
		<bndbox>
			<xmin>1451</xmin>
			<ymin>1663</ymin>
			<xmax>1711</xmax>
			<ymax>2177</ymax>
		</bndbox>
	</object>
	<object>
		<name>0</name>
		<pose>Unspecified</pose>
		<truncated>0</truncated>
		<difficult>0</difficult>
		<bndbox>
			<xmin>1738</xmin>
			<ymin>1656</ymin>
			<xmax>1998</xmax>
			<ymax>2184</ymax>
		</bndbox>
	</object>
	<object>
		<name>6</name>
		<pose>Unspecified</pose>
		<truncated>0</truncated>
		<difficult>0</difficult>
		<bndbox>
			<xmin>1998</xmin>
			<ymin>1663</ymin>
			<xmax>2284</xmax>
			<ymax>2171</ymax>
		</bndbox>
	</object>
</annotation>
