<annotation>
	<folder>image_dataset</folder>
	<filename>809_davis.jpg</filename>
	<path>/home/sachin/EE890_Image/image_dataset/809_davis.jpg</path>
	<source>
		<database>Unknown</database>
	</source>
	<size>
		<width>3456</width>
		<height>4608</height>
		<depth>3</depth>
	</size>
	<segmented>0</segmented>
	<object>
		<name>8</name>
		<pose>Unspecified</pose>
		<truncated>0</truncated>
		<difficult>0</difficult>
		<bndbox>
			<xmin>1458</xmin>
			<ymin>1683</ymin>
			<xmax>1718</xmax>
			<ymax>2237</ymax>
		</bndbox>
	</object>
	<object>
		<name>0</name>
		<pose>Unspecified</pose>
		<truncated>0</truncated>
		<difficult>0</difficult>
		<bndbox>
			<xmin>1711</xmin>
			<ymin>1690</ymin>
			<xmax>1998</xmax>
			<ymax>2224</ymax>
		</bndbox>
	</object>
	<object>
		<name>9</name>
		<pose>Unspecified</pose>
		<truncated>0</truncated>
		<difficult>0</difficult>
		<bndbox>
			<xmin>1984</xmin>
			<ymin>1676</ymin>
			<xmax>2304</xmax>
			<ymax>2211</ymax>
		</bndbox>
	</object>
</annotation>
