<annotation>
	<folder>image_dataset</folder>
	<filename>810_davis.jpg</filename>
	<path>/home/sachin/EE890_Image/image_dataset/810_davis.jpg</path>
	<source>
		<database>Unknown</database>
	</source>
	<size>
		<width>3456</width>
		<height>4608</height>
		<depth>3</depth>
	</size>
	<segmented>0</segmented>
	<object>
		<name>8</name>
		<pose>Unspecified</pose>
		<truncated>0</truncated>
		<difficult>0</difficult>
		<bndbox>
			<xmin>1418</xmin>
			<ymin>1656</ymin>
			<xmax>1718</xmax>
			<ymax>2244</ymax>
		</bndbox>
	</object>
	<object>
		<name>1</name>
		<pose>Unspecified</pose>
		<truncated>0</truncated>
		<difficult>0</difficult>
		<bndbox>
			<xmin>1771</xmin>
			<ymin>1703</ymin>
			<xmax>1998</xmax>
			<ymax>2191</ymax>
		</bndbox>
	</object>
	<object>
		<name>0</name>
		<pose>Unspecified</pose>
		<truncated>0</truncated>
		<difficult>0</difficult>
		<bndbox>
			<xmin>1998</xmin>
			<ymin>1690</ymin>
			<xmax>2298</xmax>
			<ymax>2197</ymax>
		</bndbox>
	</object>
</annotation>
