<annotation>
	<folder>image_dataset</folder>
	<filename>818_davis.jpg</filename>
	<path>/home/sachin/EE890_Image/image_dataset/818_davis.jpg</path>
	<source>
		<database>Unknown</database>
	</source>
	<size>
		<width>3456</width>
		<height>4608</height>
		<depth>3</depth>
	</size>
	<segmented>0</segmented>
	<object>
		<name>8</name>
		<pose>Unspecified</pose>
		<truncated>0</truncated>
		<difficult>0</difficult>
		<bndbox>
			<xmin>1231</xmin>
			<ymin>1723</ymin>
			<xmax>1584</xmax>
			<ymax>2311</ymax>
		</bndbox>
	</object>
	<object>
		<name>1</name>
		<pose>Unspecified</pose>
		<truncated>0</truncated>
		<difficult>0</difficult>
		<bndbox>
			<xmin>1678</xmin>
			<ymin>1730</ymin>
			<xmax>1884</xmax>
			<ymax>2264</ymax>
		</bndbox>
	</object>
	<object>
		<name>8</name>
		<pose>Unspecified</pose>
		<truncated>0</truncated>
		<difficult>0</difficult>
		<bndbox>
			<xmin>1884</xmin>
			<ymin>1723</ymin>
			<xmax>2178</xmax>
			<ymax>2277</ymax>
		</bndbox>
	</object>
</annotation>
