<annotation>
	<folder>image_dataset</folder>
	<filename>818_Alqahtani.jpg</filename>
	<path>/home/saad/Saad Alqahtani/image_dataset/818_Alqahtani.jpg</path>
	<source>
		<database>Unknown</database>
	</source>
	<size>
		<width>3456</width>
		<height>4608</height>
		<depth>3</depth>
	</size>
	<segmented>0</segmented>
	<object>
		<name>8</name>
		<pose>Unspecified</pose>
		<truncated>0</truncated>
		<difficult>0</difficult>
		<bndbox>
			<xmin>1790</xmin>
			<ymin>2047</ymin>
			<xmax>1939</xmax>
			<ymax>2276</ymax>
		</bndbox>
	</object>
	<object>
		<name>1</name>
		<pose>Unspecified</pose>
		<truncated>0</truncated>
		<difficult>0</difficult>
		<bndbox>
			<xmin>1981</xmin>
			<ymin>2021</ymin>
			<xmax>2047</xmax>
			<ymax>2235</ymax>
		</bndbox>
	</object>
	<object>
		<name>8</name>
		<pose>Unspecified</pose>
		<truncated>0</truncated>
		<difficult>0</difficult>
		<bndbox>
			<xmin>2063</xmin>
			<ymin>1995</ymin>
			<xmax>2196</xmax>
			<ymax>2221</ymax>
		</bndbox>
	</object>
</annotation>
