<annotation>
	<folder>image_dataset</folder>
	<filename>822_Alqahtani.jpg</filename>
	<path>/home/saad/Saad Alqahtani/image_dataset/822_Alqahtani.jpg</path>
	<source>
		<database>Unknown</database>
	</source>
	<size>
		<width>3456</width>
		<height>4608</height>
		<depth>3</depth>
	</size>
	<segmented>0</segmented>
	<object>
		<name>8</name>
		<pose>Unspecified</pose>
		<truncated>0</truncated>
		<difficult>0</difficult>
		<bndbox>
			<xmin>1739</xmin>
			<ymin>1883</ymin>
			<xmax>1954</xmax>
			<ymax>2205</ymax>
		</bndbox>
	</object>
	<object>
		<name>2</name>
		<pose>Unspecified</pose>
		<truncated>0</truncated>
		<difficult>0</difficult>
		<bndbox>
			<xmin>1961</xmin>
			<ymin>1836</ymin>
			<xmax>2139</xmax>
			<ymax>2171</ymax>
		</bndbox>
	</object>
	<object>
		<name>2</name>
		<pose>Unspecified</pose>
		<truncated>0</truncated>
		<difficult>0</difficult>
		<bndbox>
			<xmin>2136</xmin>
			<ymin>1802</ymin>
			<xmax>2354</xmax>
			<ymax>2133</ymax>
		</bndbox>
	</object>
</annotation>
