<annotation>
	<folder>image_dataset</folder>
	<filename>824_davis_1.jpg</filename>
	<path>/home/sachin/EE890_Image/image_dataset/824_davis_1.jpg</path>
	<source>
		<database>Unknown</database>
	</source>
	<size>
		<width>3456</width>
		<height>4608</height>
		<depth>3</depth>
	</size>
	<segmented>0</segmented>
	<object>
		<name>8</name>
		<pose>Unspecified</pose>
		<truncated>0</truncated>
		<difficult>0</difficult>
		<bndbox>
			<xmin>1411</xmin>
			<ymin>1663</ymin>
			<xmax>1691</xmax>
			<ymax>2237</ymax>
		</bndbox>
	</object>
	<object>
		<name>2</name>
		<pose>Unspecified</pose>
		<truncated>0</truncated>
		<difficult>0</difficult>
		<bndbox>
			<xmin>1698</xmin>
			<ymin>1663</ymin>
			<xmax>1984</xmax>
			<ymax>2211</ymax>
		</bndbox>
	</object>
	<object>
		<name>4</name>
		<pose>Unspecified</pose>
		<truncated>0</truncated>
		<difficult>0</difficult>
		<bndbox>
			<xmin>2004</xmin>
			<ymin>1656</ymin>
			<xmax>2271</xmax>
			<ymax>2191</ymax>
		</bndbox>
	</object>
</annotation>
