<annotation>
	<folder>image_dataset</folder>
	<filename>824_davis_2.jpg</filename>
	<path>/home/sachin/EE890_Image/image_dataset/824_davis_2.jpg</path>
	<source>
		<database>Unknown</database>
	</source>
	<size>
		<width>3456</width>
		<height>4608</height>
		<depth>3</depth>
	</size>
	<segmented>0</segmented>
	<object>
		<name>8</name>
		<pose>Unspecified</pose>
		<truncated>0</truncated>
		<difficult>0</difficult>
		<bndbox>
			<xmin>1478</xmin>
			<ymin>2084</ymin>
			<xmax>1738</xmax>
			<ymax>2591</ymax>
		</bndbox>
	</object>
	<object>
		<name>2</name>
		<pose>Unspecified</pose>
		<truncated>0</truncated>
		<difficult>0</difficult>
		<bndbox>
			<xmin>1738</xmin>
			<ymin>2097</ymin>
			<xmax>1991</xmax>
			<ymax>2591</ymax>
		</bndbox>
	</object>
	<object>
		<name>4</name>
		<pose>Unspecified</pose>
		<truncated>0</truncated>
		<difficult>0</difficult>
		<bndbox>
			<xmin>1998</xmin>
			<ymin>2097</ymin>
			<xmax>2258</xmax>
			<ymax>2577</ymax>
		</bndbox>
	</object>
</annotation>
