<annotation>
	<folder>image_dataset</folder>
	<filename>825_Alqahtani.jpg</filename>
	<path>/home/saad/Saad Alqahtani/image_dataset/825_Alqahtani.jpg</path>
	<source>
		<database>Unknown</database>
	</source>
	<size>
		<width>3456</width>
		<height>4608</height>
		<depth>3</depth>
	</size>
	<segmented>0</segmented>
	<object>
		<name>8</name>
		<pose>Unspecified</pose>
		<truncated>0</truncated>
		<difficult>0</difficult>
		<bndbox>
			<xmin>1466</xmin>
			<ymin>2969</ymin>
			<xmax>1549</xmax>
			<ymax>3137</ymax>
		</bndbox>
	</object>
	<object>
		<name>2</name>
		<pose>Unspecified</pose>
		<truncated>0</truncated>
		<difficult>0</difficult>
		<bndbox>
			<xmin>1563</xmin>
			<ymin>2959</ymin>
			<xmax>1646</xmax>
			<ymax>3141</ymax>
		</bndbox>
	</object>
	<object>
		<name>5</name>
		<pose>Unspecified</pose>
		<truncated>0</truncated>
		<difficult>0</difficult>
		<bndbox>
			<xmin>1656</xmin>
			<ymin>2963</ymin>
			<xmax>1740</xmax>
			<ymax>3136</ymax>
		</bndbox>
	</object>
</annotation>
