<annotation>
	<folder>image_dataset</folder>
	<filename>828_Alqahtani.jpg</filename>
	<path>/home/saad/Saad Alqahtani/image_dataset/828_Alqahtani.jpg</path>
	<source>
		<database>Unknown</database>
	</source>
	<size>
		<width>3456</width>
		<height>4608</height>
		<depth>3</depth>
	</size>
	<segmented>0</segmented>
	<object>
		<name>8</name>
		<pose>Unspecified</pose>
		<truncated>0</truncated>
		<difficult>0</difficult>
		<bndbox>
			<xmin>1989</xmin>
			<ymin>2918</ymin>
			<xmax>2283</xmax>
			<ymax>3389</ymax>
		</bndbox>
	</object>
	<object>
		<name>2</name>
		<pose>Unspecified</pose>
		<truncated>0</truncated>
		<difficult>0</difficult>
		<bndbox>
			<xmin>2276</xmin>
			<ymin>2849</ymin>
			<xmax>2479</xmax>
			<ymax>3339</ymax>
		</bndbox>
	</object>
	<object>
		<name>8</name>
		<pose>Unspecified</pose>
		<truncated>0</truncated>
		<difficult>0</difficult>
		<bndbox>
			<xmin>2464</xmin>
			<ymin>2783</ymin>
			<xmax>2745</xmax>
			<ymax>3255</ymax>
		</bndbox>
	</object>
</annotation>
