<annotation>
	<folder>image_dataset</folder>
	<filename>830_davis_1.jpg</filename>
	<path>/home/sachin/EE890_Image/image_dataset/830_davis_1.jpg</path>
	<source>
		<database>Unknown</database>
	</source>
	<size>
		<width>3456</width>
		<height>4608</height>
		<depth>3</depth>
	</size>
	<segmented>0</segmented>
	<object>
		<name>8</name>
		<pose>Unspecified</pose>
		<truncated>0</truncated>
		<difficult>0</difficult>
		<bndbox>
			<xmin>1504</xmin>
			<ymin>2217</ymin>
			<xmax>1758</xmax>
			<ymax>2764</ymax>
		</bndbox>
	</object>
	<object>
		<name>3</name>
		<pose>Unspecified</pose>
		<truncated>0</truncated>
		<difficult>0</difficult>
		<bndbox>
			<xmin>1764</xmin>
			<ymin>2224</ymin>
			<xmax>2038</xmax>
			<ymax>2777</ymax>
		</bndbox>
	</object>
	<object>
		<name>0</name>
		<pose>Unspecified</pose>
		<truncated>0</truncated>
		<difficult>0</difficult>
		<bndbox>
			<xmin>2038</xmin>
			<ymin>2217</ymin>
			<xmax>2338</xmax>
			<ymax>2757</ymax>
		</bndbox>
	</object>
</annotation>
