<annotation>
	<folder>image_dataset</folder>
	<filename>830_davis_2.jpg</filename>
	<path>/home/sachin/EE890_Image/image_dataset/830_davis_2.jpg</path>
	<source>
		<database>Unknown</database>
	</source>
	<size>
		<width>3456</width>
		<height>4608</height>
		<depth>3</depth>
	</size>
	<segmented>0</segmented>
	<object>
		<name>8</name>
		<pose>Unspecified</pose>
		<truncated>0</truncated>
		<difficult>0</difficult>
		<bndbox>
			<xmin>1218</xmin>
			<ymin>1983</ymin>
			<xmax>1518</xmax>
			<ymax>2611</ymax>
		</bndbox>
	</object>
	<object>
		<name>3</name>
		<pose>Unspecified</pose>
		<truncated>0</truncated>
		<difficult>0</difficult>
		<bndbox>
			<xmin>1531</xmin>
			<ymin>1996</ymin>
			<xmax>1818</xmax>
			<ymax>2577</ymax>
		</bndbox>
	</object>
	<object>
		<name>0</name>
		<pose>Unspecified</pose>
		<truncated>0</truncated>
		<difficult>0</difficult>
		<bndbox>
			<xmin>1838</xmin>
			<ymin>2003</ymin>
			<xmax>2158</xmax>
			<ymax>2537</ymax>
		</bndbox>
	</object>
</annotation>
