<annotation>
	<folder>image_dataset</folder>
	<filename>831_Alqahtani.jpg</filename>
	<path>/home/saad/Saad Alqahtani/image_dataset/831_Alqahtani.jpg</path>
	<source>
		<database>Unknown</database>
	</source>
	<size>
		<width>3456</width>
		<height>4608</height>
		<depth>3</depth>
	</size>
	<segmented>0</segmented>
	<object>
		<name>8</name>
		<pose>Unspecified</pose>
		<truncated>0</truncated>
		<difficult>0</difficult>
		<bndbox>
			<xmin>2021</xmin>
			<ymin>2470</ymin>
			<xmax>2155</xmax>
			<ymax>2653</ymax>
		</bndbox>
	</object>
	<object>
		<name>3</name>
		<pose>Unspecified</pose>
		<truncated>0</truncated>
		<difficult>0</difficult>
		<bndbox>
			<xmin>2105</xmin>
			<ymin>2446</ymin>
			<xmax>2229</xmax>
			<ymax>2610</ymax>
		</bndbox>
	</object>
	<object>
		<name>1</name>
		<pose>Unspecified</pose>
		<truncated>0</truncated>
		<difficult>0</difficult>
		<bndbox>
			<xmin>2223</xmin>
			<ymin>2399</ymin>
			<xmax>2316</xmax>
			<ymax>2556</ymax>
		</bndbox>
	</object>
</annotation>
