<annotation>
	<folder>image_dataset</folder>
	<filename>832_Alqahtani.jpg</filename>
	<path>/home/saad/Saad Alqahtani/image_dataset/832_Alqahtani.jpg</path>
	<source>
		<database>Unknown</database>
	</source>
	<size>
		<width>3456</width>
		<height>4608</height>
		<depth>3</depth>
	</size>
	<segmented>0</segmented>
	<object>
		<name>8</name>
		<pose>Unspecified</pose>
		<truncated>0</truncated>
		<difficult>0</difficult>
		<bndbox>
			<xmin>989</xmin>
			<ymin>2368</ymin>
			<xmax>1264</xmax>
			<ymax>2699</ymax>
		</bndbox>
	</object>
	<object>
		<name>3</name>
		<pose>Unspecified</pose>
		<truncated>0</truncated>
		<difficult>0</difficult>
		<bndbox>
			<xmin>1223</xmin>
			<ymin>2296</ymin>
			<xmax>1395</xmax>
			<ymax>2677</ymax>
		</bndbox>
	</object>
	<object>
		<name>2</name>
		<pose>Unspecified</pose>
		<truncated>0</truncated>
		<difficult>0</difficult>
		<bndbox>
			<xmin>1373</xmin>
			<ymin>2264</ymin>
			<xmax>1579</xmax>
			<ymax>2555</ymax>
		</bndbox>
	</object>
</annotation>
