<annotation>
	<folder>image_dataset</folder>
	<filename>834_davis.jpg</filename>
	<path>/home/sachin/EE890_Image/image_dataset/834_davis.jpg</path>
	<source>
		<database>Unknown</database>
	</source>
	<size>
		<width>3456</width>
		<height>4608</height>
		<depth>3</depth>
	</size>
	<segmented>0</segmented>
	<object>
		<name>8</name>
		<pose>Unspecified</pose>
		<truncated>0</truncated>
		<difficult>0</difficult>
		<bndbox>
			<xmin>1424</xmin>
			<ymin>2251</ymin>
			<xmax>1691</xmax>
			<ymax>2804</ymax>
		</bndbox>
	</object>
	<object>
		<name>3</name>
		<pose>Unspecified</pose>
		<truncated>0</truncated>
		<difficult>0</difficult>
		<bndbox>
			<xmin>1691</xmin>
			<ymin>2237</ymin>
			<xmax>2024</xmax>
			<ymax>2804</ymax>
		</bndbox>
	</object>
	<object>
		<name>4</name>
		<pose>Unspecified</pose>
		<truncated>0</truncated>
		<difficult>0</difficult>
		<bndbox>
			<xmin>2018</xmin>
			<ymin>2217</ymin>
			<xmax>2291</xmax>
			<ymax>2771</ymax>
		</bndbox>
	</object>
</annotation>
