<annotation>
	<folder>image_dataset</folder>
	<filename>841_davis.jpg</filename>
	<path>/home/sachin/EE890_Image/image_dataset/841_davis.jpg</path>
	<source>
		<database>Unknown</database>
	</source>
	<size>
		<width>3456</width>
		<height>4608</height>
		<depth>3</depth>
	</size>
	<segmented>0</segmented>
	<object>
		<name>8</name>
		<pose>Unspecified</pose>
		<truncated>0</truncated>
		<difficult>0</difficult>
		<bndbox>
			<xmin>1364</xmin>
			<ymin>1670</ymin>
			<xmax>1678</xmax>
			<ymax>2231</ymax>
		</bndbox>
	</object>
	<object>
		<name>4</name>
		<pose>Unspecified</pose>
		<truncated>0</truncated>
		<difficult>0</difficult>
		<bndbox>
			<xmin>1684</xmin>
			<ymin>1650</ymin>
			<xmax>1958</xmax>
			<ymax>2197</ymax>
		</bndbox>
	</object>
	<object>
		<name>1</name>
		<pose>Unspecified</pose>
		<truncated>0</truncated>
		<difficult>0</difficult>
		<bndbox>
			<xmin>2058</xmin>
			<ymin>1663</ymin>
			<xmax>2271</xmax>
			<ymax>2217</ymax>
		</bndbox>
	</object>
</annotation>
