<annotation>
	<folder>image_dataset</folder>
	<filename>842_Alqahtani.jpg</filename>
	<path>/home/saad/Saad Alqahtani/image_dataset/842_Alqahtani.jpg</path>
	<source>
		<database>Unknown</database>
	</source>
	<size>
		<width>3456</width>
		<height>4608</height>
		<depth>3</depth>
	</size>
	<segmented>0</segmented>
	<object>
		<name>8</name>
		<pose>Unspecified</pose>
		<truncated>0</truncated>
		<difficult>0</difficult>
		<bndbox>
			<xmin>970</xmin>
			<ymin>1961</ymin>
			<xmax>1195</xmax>
			<ymax>2374</ymax>
		</bndbox>
	</object>
	<object>
		<name>4</name>
		<pose>Unspecified</pose>
		<truncated>0</truncated>
		<difficult>0</difficult>
		<bndbox>
			<xmin>1236</xmin>
			<ymin>2005</ymin>
			<xmax>1395</xmax>
			<ymax>2346</ymax>
		</bndbox>
	</object>
	<object>
		<name>2</name>
		<pose>Unspecified</pose>
		<truncated>0</truncated>
		<difficult>0</difficult>
		<bndbox>
			<xmin>1395</xmin>
			<ymin>2008</ymin>
			<xmax>1567</xmax>
			<ymax>2358</ymax>
		</bndbox>
	</object>
</annotation>
