<annotation>
	<folder>image_dataset</folder>
	<filename>845_2_Alqahtani.jpg</filename>
	<path>/home/saad/Saad Alqahtani/image_dataset/845_2_Alqahtani.jpg</path>
	<source>
		<database>Unknown</database>
	</source>
	<size>
		<width>3456</width>
		<height>4608</height>
		<depth>3</depth>
	</size>
	<segmented>0</segmented>
	<object>
		<name>8</name>
		<pose>Unspecified</pose>
		<truncated>0</truncated>
		<difficult>0</difficult>
		<bndbox>
			<xmin>476</xmin>
			<ymin>2446</ymin>
			<xmax>636</xmax>
			<ymax>2758</ymax>
		</bndbox>
	</object>
	<object>
		<name>4</name>
		<pose>Unspecified</pose>
		<truncated>0</truncated>
		<difficult>0</difficult>
		<bndbox>
			<xmin>648</xmin>
			<ymin>2439</ymin>
			<xmax>804</xmax>
			<ymax>2714</ymax>
		</bndbox>
	</object>
	<object>
		<name>5</name>
		<pose>Unspecified</pose>
		<truncated>0</truncated>
		<difficult>0</difficult>
		<bndbox>
			<xmin>811</xmin>
			<ymin>2455</ymin>
			<xmax>942</xmax>
			<ymax>2764</ymax>
		</bndbox>
	</object>
</annotation>
