<annotation>
	<folder>image_dataset</folder>
	<filename>845_1_Alqahtani.jpg</filename>
	<path>/home/saad/Saad Alqahtani/image_dataset/845_1_Alqahtani.jpg</path>
	<source>
		<database>Unknown</database>
	</source>
	<size>
		<width>3456</width>
		<height>4608</height>
		<depth>3</depth>
	</size>
	<segmented>0</segmented>
	<object>
		<name>8</name>
		<pose>Unspecified</pose>
		<truncated>0</truncated>
		<difficult>0</difficult>
		<bndbox>
			<xmin>1517</xmin>
			<ymin>1732</ymin>
			<xmax>1645</xmax>
			<ymax>1908</ymax>
		</bndbox>
	</object>
	<object>
		<name>4</name>
		<pose>Unspecified</pose>
		<truncated>0</truncated>
		<difficult>0</difficult>
		<bndbox>
			<xmin>1624</xmin>
			<ymin>1714</ymin>
			<xmax>1734</xmax>
			<ymax>1860</ymax>
		</bndbox>
	</object>
	<object>
		<name>5</name>
		<pose>Unspecified</pose>
		<truncated>0</truncated>
		<difficult>0</difficult>
		<bndbox>
			<xmin>1717</xmin>
			<ymin>1670</ymin>
			<xmax>1832</xmax>
			<ymax>1833</ymax>
		</bndbox>
	</object>
</annotation>
