<annotation>
	<folder>image_dataset</folder>
	<filename>845_Alqahtani.jpg</filename>
	<path>/home/saad/Saad Alqahtani/image_dataset/845_Alqahtani.jpg</path>
	<source>
		<database>Unknown</database>
	</source>
	<size>
		<width>3456</width>
		<height>4608</height>
		<depth>3</depth>
	</size>
	<segmented>0</segmented>
	<object>
		<name>8</name>
		<pose>Unspecified</pose>
		<truncated>0</truncated>
		<difficult>0</difficult>
		<bndbox>
			<xmin>1648</xmin>
			<ymin>1952</ymin>
			<xmax>1842</xmax>
			<ymax>2339</ymax>
		</bndbox>
	</object>
	<object>
		<name>4</name>
		<pose>Unspecified</pose>
		<truncated>0</truncated>
		<difficult>0</difficult>
		<bndbox>
			<xmin>1848</xmin>
			<ymin>1968</ymin>
			<xmax>2026</xmax>
			<ymax>2305</ymax>
		</bndbox>
	</object>
	<object>
		<name>5</name>
		<pose>Unspecified</pose>
		<truncated>0</truncated>
		<difficult>0</difficult>
		<bndbox>
			<xmin>2073</xmin>
			<ymin>1974</ymin>
			<xmax>2201</xmax>
			<ymax>2355</ymax>
		</bndbox>
	</object>
</annotation>
