<annotation>
	<folder>image_dataset</folder>
	<filename>848_davis_2.jpg</filename>
	<path>/home/sachin/EE890_Image/image_dataset/848_davis_2.jpg</path>
	<source>
		<database>Unknown</database>
	</source>
	<size>
		<width>3456</width>
		<height>4608</height>
		<depth>3</depth>
	</size>
	<segmented>0</segmented>
	<object>
		<name>8</name>
		<pose>Unspecified</pose>
		<truncated>0</truncated>
		<difficult>0</difficult>
		<bndbox>
			<xmin>1478</xmin>
			<ymin>1683</ymin>
			<xmax>1738</xmax>
			<ymax>2224</ymax>
		</bndbox>
	</object>
	<object>
		<name>4</name>
		<pose>Unspecified</pose>
		<truncated>0</truncated>
		<difficult>0</difficult>
		<bndbox>
			<xmin>1744</xmin>
			<ymin>1690</ymin>
			<xmax>1998</xmax>
			<ymax>2164</ymax>
		</bndbox>
	</object>
	<object>
		<name>8</name>
		<pose>Unspecified</pose>
		<truncated>0</truncated>
		<difficult>0</difficult>
		<bndbox>
			<xmin>2004</xmin>
			<ymin>1670</ymin>
			<xmax>2311</xmax>
			<ymax>2184</ymax>
		</bndbox>
	</object>
</annotation>
