<annotation>
	<folder>image_dataset</folder>
	<filename>848_davis_1.jpg</filename>
	<path>/home/sachin/EE890_Image/image_dataset/848_davis_1.jpg</path>
	<source>
		<database>Unknown</database>
	</source>
	<size>
		<width>3456</width>
		<height>4608</height>
		<depth>3</depth>
	</size>
	<segmented>0</segmented>
	<object>
		<name>8</name>
		<pose>Unspecified</pose>
		<truncated>0</truncated>
		<difficult>0</difficult>
		<bndbox>
			<xmin>1444</xmin>
			<ymin>1630</ymin>
			<xmax>1711</xmax>
			<ymax>2191</ymax>
		</bndbox>
	</object>
	<object>
		<name>4</name>
		<pose>Unspecified</pose>
		<truncated>0</truncated>
		<difficult>0</difficult>
		<bndbox>
			<xmin>1718</xmin>
			<ymin>1623</ymin>
			<xmax>1984</xmax>
			<ymax>2157</ymax>
		</bndbox>
	</object>
	<object>
		<name>8</name>
		<pose>Unspecified</pose>
		<truncated>0</truncated>
		<difficult>0</difficult>
		<bndbox>
			<xmin>1998</xmin>
			<ymin>1623</ymin>
			<xmax>2298</xmax>
			<ymax>2151</ymax>
		</bndbox>
	</object>
</annotation>
