<annotation>
	<folder>image_dataset</folder>
	<filename>848_Alqahtani.jpg</filename>
	<path>/home/saad/Saad Alqahtani/image_dataset/848_Alqahtani.jpg</path>
	<source>
		<database>Unknown</database>
	</source>
	<size>
		<width>3456</width>
		<height>4608</height>
		<depth>3</depth>
	</size>
	<segmented>0</segmented>
	<object>
		<name>8</name>
		<pose>Unspecified</pose>
		<truncated>0</truncated>
		<difficult>0</difficult>
		<bndbox>
			<xmin>1679</xmin>
			<ymin>2393</ymin>
			<xmax>1845</xmax>
			<ymax>2686</ymax>
		</bndbox>
	</object>
	<object>
		<name>4</name>
		<pose>Unspecified</pose>
		<truncated>0</truncated>
		<difficult>0</difficult>
		<bndbox>
			<xmin>1870</xmin>
			<ymin>2433</ymin>
			<xmax>1986</xmax>
			<ymax>2661</ymax>
		</bndbox>
	</object>
	<object>
		<name>8</name>
		<pose>Unspecified</pose>
		<truncated>0</truncated>
		<difficult>0</difficult>
		<bndbox>
			<xmin>1992</xmin>
			<ymin>2436</ymin>
			<xmax>2114</xmax>
			<ymax>2693</ymax>
		</bndbox>
	</object>
</annotation>
