<annotation>
	<folder>image_dataset</folder>
	<filename>848_1_Alqahtani.jpg</filename>
	<path>/home/saad/Saad Alqahtani/image_dataset/848_1_Alqahtani.jpg</path>
	<source>
		<database>Unknown</database>
	</source>
	<size>
		<width>3456</width>
		<height>4608</height>
		<depth>3</depth>
	</size>
	<segmented>0</segmented>
	<object>
		<name>8</name>
		<pose>Unspecified</pose>
		<truncated>0</truncated>
		<difficult>0</difficult>
		<bndbox>
			<xmin>1745</xmin>
			<ymin>2358</ymin>
			<xmax>1892</xmax>
			<ymax>2661</ymax>
		</bndbox>
	</object>
	<object>
		<name>4</name>
		<pose>Unspecified</pose>
		<truncated>0</truncated>
		<difficult>0</difficult>
		<bndbox>
			<xmin>1901</xmin>
			<ymin>2374</ymin>
			<xmax>2026</xmax>
			<ymax>2608</ymax>
		</bndbox>
	</object>
	<object>
		<name>8</name>
		<pose>Unspecified</pose>
		<truncated>0</truncated>
		<difficult>0</difficult>
		<bndbox>
			<xmin>2042</xmin>
			<ymin>2386</ymin>
			<xmax>2142</xmax>
			<ymax>2658</ymax>
		</bndbox>
	</object>
</annotation>
