<annotation>
	<folder>image_dataset</folder>
	<filename>850_davis_2.jpg</filename>
	<path>/home/sachin/EE890_Image/image_dataset/850_davis_2.jpg</path>
	<source>
		<database>Unknown</database>
	</source>
	<size>
		<width>3456</width>
		<height>4608</height>
		<depth>3</depth>
	</size>
	<segmented>0</segmented>
	<object>
		<name>8</name>
		<pose>Unspecified</pose>
		<truncated>0</truncated>
		<difficult>0</difficult>
		<bndbox>
			<xmin>1444</xmin>
			<ymin>1710</ymin>
			<xmax>1711</xmax>
			<ymax>2217</ymax>
		</bndbox>
	</object>
	<object>
		<name>5</name>
		<pose>Unspecified</pose>
		<truncated>0</truncated>
		<difficult>0</difficult>
		<bndbox>
			<xmin>1711</xmin>
			<ymin>1696</ymin>
			<xmax>1998</xmax>
			<ymax>2217</ymax>
		</bndbox>
	</object>
	<object>
		<name>0</name>
		<pose>Unspecified</pose>
		<truncated>0</truncated>
		<difficult>0</difficult>
		<bndbox>
			<xmin>1984</xmin>
			<ymin>1670</ymin>
			<xmax>2278</xmax>
			<ymax>2224</ymax>
		</bndbox>
	</object>
</annotation>
