<annotation>
	<folder>image_dataset</folder>
	<filename>851_davis_1.jpg</filename>
	<path>/home/sachin/EE890_Image/image_dataset/851_davis_1.jpg</path>
	<source>
		<database>Unknown</database>
	</source>
	<size>
		<width>3456</width>
		<height>4608</height>
		<depth>3</depth>
	</size>
	<segmented>0</segmented>
	<object>
		<name>8</name>
		<pose>Unspecified</pose>
		<truncated>0</truncated>
		<difficult>0</difficult>
		<bndbox>
			<xmin>1444</xmin>
			<ymin>2377</ymin>
			<xmax>1704</xmax>
			<ymax>2824</ymax>
		</bndbox>
	</object>
	<object>
		<name>5</name>
		<pose>Unspecified</pose>
		<truncated>0</truncated>
		<difficult>0</difficult>
		<bndbox>
			<xmin>1704</xmin>
			<ymin>2384</ymin>
			<xmax>1938</xmax>
			<ymax>2797</ymax>
		</bndbox>
	</object>
	<object>
		<name>1</name>
		<pose>Unspecified</pose>
		<truncated>0</truncated>
		<difficult>0</difficult>
		<bndbox>
			<xmin>1938</xmin>
			<ymin>2377</ymin>
			<xmax>2164</xmax>
			<ymax>2784</ymax>
		</bndbox>
	</object>
</annotation>
