<annotation>
	<folder>image_dataset</folder>
	<filename>851_davis_2.jpg</filename>
	<path>/home/sachin/EE890_Image/image_dataset/851_davis_2.jpg</path>
	<source>
		<database>Unknown</database>
	</source>
	<size>
		<width>3456</width>
		<height>4608</height>
		<depth>3</depth>
	</size>
	<segmented>0</segmented>
	<object>
		<name>8</name>
		<pose>Unspecified</pose>
		<truncated>0</truncated>
		<difficult>0</difficult>
		<bndbox>
			<xmin>1484</xmin>
			<ymin>1690</ymin>
			<xmax>1738</xmax>
			<ymax>2191</ymax>
		</bndbox>
	</object>
	<object>
		<name>5</name>
		<pose>Unspecified</pose>
		<truncated>0</truncated>
		<difficult>0</difficult>
		<bndbox>
			<xmin>1744</xmin>
			<ymin>1683</ymin>
			<xmax>2018</xmax>
			<ymax>2197</ymax>
		</bndbox>
	</object>
	<object>
		<name>1</name>
		<pose>Unspecified</pose>
		<truncated>0</truncated>
		<difficult>0</difficult>
		<bndbox>
			<xmin>2131</xmin>
			<ymin>1650</ymin>
			<xmax>2311</xmax>
			<ymax>2144</ymax>
		</bndbox>
	</object>
</annotation>
