<annotation>
	<folder>image_dataset</folder>
	<filename>852_davis.jpg</filename>
	<path>/home/sachin/EE890_Image/image_dataset/852_davis.jpg</path>
	<source>
		<database>Unknown</database>
	</source>
	<size>
		<width>3456</width>
		<height>4608</height>
		<depth>3</depth>
	</size>
	<segmented>0</segmented>
	<object>
		<name>8</name>
		<pose>Unspecified</pose>
		<truncated>0</truncated>
		<difficult>0</difficult>
		<bndbox>
			<xmin>1311</xmin>
			<ymin>1690</ymin>
			<xmax>1598</xmax>
			<ymax>2251</ymax>
		</bndbox>
	</object>
	<object>
		<name>5</name>
		<pose>Unspecified</pose>
		<truncated>0</truncated>
		<difficult>0</difficult>
		<bndbox>
			<xmin>1611</xmin>
			<ymin>1676</ymin>
			<xmax>1884</xmax>
			<ymax>2271</ymax>
		</bndbox>
	</object>
	<object>
		<name>2</name>
		<pose>Unspecified</pose>
		<truncated>0</truncated>
		<difficult>0</difficult>
		<bndbox>
			<xmin>1884</xmin>
			<ymin>1690</ymin>
			<xmax>2218</xmax>
			<ymax>2224</ymax>
		</bndbox>
	</object>
</annotation>
