<annotation>
	<folder>image_dataset</folder>
	<filename>853_davis.jpg</filename>
	<path>/home/sachin/EE890_Image/image_dataset/853_davis.jpg</path>
	<source>
		<database>Unknown</database>
	</source>
	<size>
		<width>3456</width>
		<height>4608</height>
		<depth>3</depth>
	</size>
	<segmented>0</segmented>
	<object>
		<name>8</name>
		<pose>Unspecified</pose>
		<truncated>0</truncated>
		<difficult>0</difficult>
		<bndbox>
			<xmin>1451</xmin>
			<ymin>1636</ymin>
			<xmax>1724</xmax>
			<ymax>2164</ymax>
		</bndbox>
	</object>
	<object>
		<name>5</name>
		<pose>Unspecified</pose>
		<truncated>0</truncated>
		<difficult>0</difficult>
		<bndbox>
			<xmin>1724</xmin>
			<ymin>1636</ymin>
			<xmax>1998</xmax>
			<ymax>2157</ymax>
		</bndbox>
	</object>
	<object>
		<name>3</name>
		<pose>Unspecified</pose>
		<truncated>0</truncated>
		<difficult>0</difficult>
		<bndbox>
			<xmin>2024</xmin>
			<ymin>1630</ymin>
			<xmax>2271</xmax>
			<ymax>2177</ymax>
		</bndbox>
	</object>
</annotation>
