<annotation>
	<folder>image_dataset</folder>
	<filename>857_davis.jpg</filename>
	<path>/home/sachin/EE890_Image/image_dataset/857_davis.jpg</path>
	<source>
		<database>Unknown</database>
	</source>
	<size>
		<width>3456</width>
		<height>4608</height>
		<depth>3</depth>
	</size>
	<segmented>0</segmented>
	<object>
		<name>8</name>
		<pose>Unspecified</pose>
		<truncated>0</truncated>
		<difficult>0</difficult>
		<bndbox>
			<xmin>1464</xmin>
			<ymin>2251</ymin>
			<xmax>1717</xmax>
			<ymax>2778</ymax>
		</bndbox>
	</object>
	<object>
		<name>5</name>
		<pose>Unspecified</pose>
		<truncated>0</truncated>
		<difficult>0</difficult>
		<bndbox>
			<xmin>1724</xmin>
			<ymin>2224</ymin>
			<xmax>2004</xmax>
			<ymax>2764</ymax>
		</bndbox>
	</object>
	<object>
		<name>7</name>
		<pose>Unspecified</pose>
		<truncated>0</truncated>
		<difficult>0</difficult>
		<bndbox>
			<xmin>2031</xmin>
			<ymin>2237</ymin>
			<xmax>2284</xmax>
			<ymax>2757</ymax>
		</bndbox>
	</object>
</annotation>
