<annotation>
	<folder>image_dataset</folder>
	<filename>858_davis_2.jpg</filename>
	<path>/home/sachin/EE890_Image/image_dataset/858_davis_2.jpg</path>
	<source>
		<database>Unknown</database>
	</source>
	<size>
		<width>3456</width>
		<height>4608</height>
		<depth>3</depth>
	</size>
	<segmented>0</segmented>
	<object>
		<name>8</name>
		<pose>Unspecified</pose>
		<truncated>0</truncated>
		<difficult>0</difficult>
		<bndbox>
			<xmin>1451</xmin>
			<ymin>1683</ymin>
			<xmax>1711</xmax>
			<ymax>2211</ymax>
		</bndbox>
	</object>
	<object>
		<name>5</name>
		<pose>Unspecified</pose>
		<truncated>0</truncated>
		<difficult>0</difficult>
		<bndbox>
			<xmin>1698</xmin>
			<ymin>1676</ymin>
			<xmax>2011</xmax>
			<ymax>2217</ymax>
		</bndbox>
	</object>
	<object>
		<name>8</name>
		<pose>Unspecified</pose>
		<truncated>0</truncated>
		<difficult>0</difficult>
		<bndbox>
			<xmin>2031</xmin>
			<ymin>1670</ymin>
			<xmax>2291</xmax>
			<ymax>2244</ymax>
		</bndbox>
	</object>
</annotation>
