<annotation>
	<folder>image_dataset</folder>
	<filename>858_davis_1.jpg</filename>
	<path>/home/sachin/EE890_Image/image_dataset/858_davis_1.jpg</path>
	<source>
		<database>Unknown</database>
	</source>
	<size>
		<width>3456</width>
		<height>4608</height>
		<depth>3</depth>
	</size>
	<segmented>0</segmented>
	<object>
		<name>8</name>
		<pose>Unspecified</pose>
		<truncated>0</truncated>
		<difficult>0</difficult>
		<bndbox>
			<xmin>1444</xmin>
			<ymin>2277</ymin>
			<xmax>1718</xmax>
			<ymax>2817</ymax>
		</bndbox>
	</object>
	<object>
		<name>5</name>
		<pose>Unspecified</pose>
		<truncated>0</truncated>
		<difficult>0</difficult>
		<bndbox>
			<xmin>1724</xmin>
			<ymin>2264</ymin>
			<xmax>1984</xmax>
			<ymax>2824</ymax>
		</bndbox>
	</object>
	<object>
		<name>8</name>
		<pose>Unspecified</pose>
		<truncated>0</truncated>
		<difficult>0</difficult>
		<bndbox>
			<xmin>1998</xmin>
			<ymin>2277</ymin>
			<xmax>2271</xmax>
			<ymax>2797</ymax>
		</bndbox>
	</object>
</annotation>
