<annotation>
	<folder>image_dataset</folder>
	<filename>859_davis.jpg</filename>
	<path>/home/sachin/EE890_Image/image_dataset/859_davis.jpg</path>
	<source>
		<database>Unknown</database>
	</source>
	<size>
		<width>3456</width>
		<height>4608</height>
		<depth>3</depth>
	</size>
	<segmented>0</segmented>
	<object>
		<name>8</name>
		<pose>Unspecified</pose>
		<truncated>0</truncated>
		<difficult>0</difficult>
		<bndbox>
			<xmin>1418</xmin>
			<ymin>1616</ymin>
			<xmax>1711</xmax>
			<ymax>2217</ymax>
		</bndbox>
	</object>
	<object>
		<name>5</name>
		<pose>Unspecified</pose>
		<truncated>0</truncated>
		<difficult>0</difficult>
		<bndbox>
			<xmin>1718</xmin>
			<ymin>1630</ymin>
			<xmax>2004</xmax>
			<ymax>2171</ymax>
		</bndbox>
	</object>
	<object>
		<name>9</name>
		<pose>Unspecified</pose>
		<truncated>0</truncated>
		<difficult>0</difficult>
		<bndbox>
			<xmin>2011</xmin>
			<ymin>1590</ymin>
			<xmax>2271</xmax>
			<ymax>2151</ymax>
		</bndbox>
	</object>
</annotation>
