<annotation>
	<folder>Labeling_Photos</folder>
	<filename>859_Lear1.jpg</filename>
	<path>/Users/sam/Desktop/School Stuff/Fall_2019/EE490_Machine_Learning_Python/Project1/Labeling_Photos/859_Lear1.jpg</path>
	<source>
		<database>Unknown</database>
	</source>
	<size>
		<width>3024</width>
		<height>4032</height>
		<depth>3</depth>
	</size>
	<segmented>0</segmented>
	<object>
		<name>8</name>
		<pose>Unspecified</pose>
		<truncated>0</truncated>
		<difficult>0</difficult>
		<bndbox>
			<xmin>1130</xmin>
			<ymin>1325</ymin>
			<xmax>1311</xmax>
			<ymax>1637</ymax>
		</bndbox>
	</object>
	<object>
		<name>5</name>
		<pose>Unspecified</pose>
		<truncated>0</truncated>
		<difficult>0</difficult>
		<bndbox>
			<xmin>1305</xmin>
			<ymin>1300</ymin>
			<xmax>1474</xmax>
			<ymax>1644</ymax>
		</bndbox>
	</object>
	<object>
		<name>9</name>
		<pose>Unspecified</pose>
		<truncated>0</truncated>
		<difficult>0</difficult>
		<bndbox>
			<xmin>1493</xmin>
			<ymin>1306</ymin>
			<xmax>1661</xmax>
			<ymax>1637</ymax>
		</bndbox>
	</object>
</annotation>
