<annotation>
	<folder>image_dataset</folder>
	<filename>870_davis.jpg</filename>
	<path>/home/sachin/EE890_Image/image_dataset/870_davis.jpg</path>
	<source>
		<database>Unknown</database>
	</source>
	<size>
		<width>3456</width>
		<height>4608</height>
		<depth>3</depth>
	</size>
	<segmented>0</segmented>
	<object>
		<name>8</name>
		<pose>Unspecified</pose>
		<truncated>0</truncated>
		<difficult>0</difficult>
		<bndbox>
			<xmin>1384</xmin>
			<ymin>1703</ymin>
			<xmax>1711</xmax>
			<ymax>2231</ymax>
		</bndbox>
	</object>
	<object>
		<name>7</name>
		<pose>Unspecified</pose>
		<truncated>0</truncated>
		<difficult>0</difficult>
		<bndbox>
			<xmin>1711</xmin>
			<ymin>1683</ymin>
			<xmax>1984</xmax>
			<ymax>2211</ymax>
		</bndbox>
	</object>
	<object>
		<name>0</name>
		<pose>Unspecified</pose>
		<truncated>0</truncated>
		<difficult>0</difficult>
		<bndbox>
			<xmin>1991</xmin>
			<ymin>1683</ymin>
			<xmax>2258</xmax>
			<ymax>2211</ymax>
		</bndbox>
	</object>
</annotation>
