<annotation>
	<folder>image_dataset</folder>
	<filename>872_davis.jpg</filename>
	<path>/home/sachin/EE890_Image/image_dataset/872_davis.jpg</path>
	<source>
		<database>Unknown</database>
	</source>
	<size>
		<width>3456</width>
		<height>4608</height>
		<depth>3</depth>
	</size>
	<segmented>0</segmented>
	<object>
		<name>8</name>
		<pose>Unspecified</pose>
		<truncated>0</truncated>
		<difficult>0</difficult>
		<bndbox>
			<xmin>1464</xmin>
			<ymin>1703</ymin>
			<xmax>1724</xmax>
			<ymax>2204</ymax>
		</bndbox>
	</object>
	<object>
		<name>7</name>
		<pose>Unspecified</pose>
		<truncated>0</truncated>
		<difficult>0</difficult>
		<bndbox>
			<xmin>1738</xmin>
			<ymin>1683</ymin>
			<xmax>1991</xmax>
			<ymax>2197</ymax>
		</bndbox>
	</object>
	<object>
		<name>2</name>
		<pose>Unspecified</pose>
		<truncated>0</truncated>
		<difficult>0</difficult>
		<bndbox>
			<xmin>2004</xmin>
			<ymin>1676</ymin>
			<xmax>2258</xmax>
			<ymax>2184</ymax>
		</bndbox>
	</object>
</annotation>
