<annotation>
	<folder>image_dataset</folder>
	<filename>875_davis.jpg</filename>
	<path>/home/sachin/EE890_Image/image_dataset/875_davis.jpg</path>
	<source>
		<database>Unknown</database>
	</source>
	<size>
		<width>3456</width>
		<height>4608</height>
		<depth>3</depth>
	</size>
	<segmented>0</segmented>
	<object>
		<name>8</name>
		<pose>Unspecified</pose>
		<truncated>0</truncated>
		<difficult>0</difficult>
		<bndbox>
			<xmin>1364</xmin>
			<ymin>1643</ymin>
			<xmax>1651</xmax>
			<ymax>2257</ymax>
		</bndbox>
	</object>
	<object>
		<name>7</name>
		<pose>Unspecified</pose>
		<truncated>0</truncated>
		<difficult>0</difficult>
		<bndbox>
			<xmin>1658</xmin>
			<ymin>1623</ymin>
			<xmax>1924</xmax>
			<ymax>2237</ymax>
		</bndbox>
	</object>
	<object>
		<name>5</name>
		<pose>Unspecified</pose>
		<truncated>0</truncated>
		<difficult>0</difficult>
		<bndbox>
			<xmin>1971</xmin>
			<ymin>1650</ymin>
			<xmax>2264</xmax>
			<ymax>2211</ymax>
		</bndbox>
	</object>
</annotation>
