<annotation>
	<folder>image_dataset</folder>
	<filename>876_davis.jpg</filename>
	<path>/home/sachin/EE890_Image/image_dataset/876_davis.jpg</path>
	<source>
		<database>Unknown</database>
	</source>
	<size>
		<width>3456</width>
		<height>4608</height>
		<depth>3</depth>
	</size>
	<segmented>0</segmented>
	<object>
		<name>8</name>
		<pose>Unspecified</pose>
		<truncated>0</truncated>
		<difficult>0</difficult>
		<bndbox>
			<xmin>1204</xmin>
			<ymin>2003</ymin>
			<xmax>1538</xmax>
			<ymax>2584</ymax>
		</bndbox>
	</object>
	<object>
		<name>7</name>
		<pose>Unspecified</pose>
		<truncated>0</truncated>
		<difficult>0</difficult>
		<bndbox>
			<xmin>1544</xmin>
			<ymin>1990</ymin>
			<xmax>1838</xmax>
			<ymax>2571</ymax>
		</bndbox>
	</object>
	<object>
		<name>6</name>
		<pose>Unspecified</pose>
		<truncated>0</truncated>
		<difficult>0</difficult>
		<bndbox>
			<xmin>1838</xmin>
			<ymin>1970</ymin>
			<xmax>2124</xmax>
			<ymax>2571</ymax>
		</bndbox>
	</object>
</annotation>
