<annotation>
	<folder>image_dataset</folder>
	<filename>879_davis.jpg</filename>
	<path>/home/sachin/EE890_Image/image_dataset/879_davis.jpg</path>
	<source>
		<database>Unknown</database>
	</source>
	<size>
		<width>3456</width>
		<height>4608</height>
		<depth>3</depth>
	</size>
	<segmented>0</segmented>
	<object>
		<name>8</name>
		<pose>Unspecified</pose>
		<truncated>0</truncated>
		<difficult>0</difficult>
		<bndbox>
			<xmin>1238</xmin>
			<ymin>2003</ymin>
			<xmax>1538</xmax>
			<ymax>2611</ymax>
		</bndbox>
	</object>
	<object>
		<name>7</name>
		<pose>Unspecified</pose>
		<truncated>0</truncated>
		<difficult>0</difficult>
		<bndbox>
			<xmin>1544</xmin>
			<ymin>2003</ymin>
			<xmax>1844</xmax>
			<ymax>2631</ymax>
		</bndbox>
	</object>
	<object>
		<name>9</name>
		<pose>Unspecified</pose>
		<truncated>0</truncated>
		<difficult>0</difficult>
		<bndbox>
			<xmin>1858</xmin>
			<ymin>1990</ymin>
			<xmax>2164</xmax>
			<ymax>2611</ymax>
		</bndbox>
	</object>
</annotation>
