<annotation>
	<folder>image_dataset</folder>
	<filename>882_davis.jpg</filename>
	<path>/home/sachin/EE890_Image/image_dataset/882_davis.jpg</path>
	<source>
		<database>Unknown</database>
	</source>
	<size>
		<width>3456</width>
		<height>4608</height>
		<depth>3</depth>
	</size>
	<segmented>0</segmented>
	<object>
		<name>8</name>
		<pose>Unspecified</pose>
		<truncated>0</truncated>
		<difficult>0</difficult>
		<bndbox>
			<xmin>1204</xmin>
			<ymin>1990</ymin>
			<xmax>1524</xmax>
			<ymax>2597</ymax>
		</bndbox>
	</object>
	<object>
		<name>8</name>
		<pose>Unspecified</pose>
		<truncated>0</truncated>
		<difficult>0</difficult>
		<bndbox>
			<xmin>1518</xmin>
			<ymin>1976</ymin>
			<xmax>1838</xmax>
			<ymax>2584</ymax>
		</bndbox>
	</object>
	<object>
		<name>2</name>
		<pose>Unspecified</pose>
		<truncated>0</truncated>
		<difficult>0</difficult>
		<bndbox>
			<xmin>1851</xmin>
			<ymin>1963</ymin>
			<xmax>2138</xmax>
			<ymax>2571</ymax>
		</bndbox>
	</object>
</annotation>
