<annotation>
	<folder>image_dataset</folder>
	<filename>883_davis.jpg</filename>
	<path>/home/sachin/EE890_Image/image_dataset/883_davis.jpg</path>
	<source>
		<database>Unknown</database>
	</source>
	<size>
		<width>3456</width>
		<height>4608</height>
		<depth>3</depth>
	</size>
	<segmented>0</segmented>
	<object>
		<name>8</name>
		<pose>Unspecified</pose>
		<truncated>0</truncated>
		<difficult>0</difficult>
		<bndbox>
			<xmin>1178</xmin>
			<ymin>1956</ymin>
			<xmax>1491</xmax>
			<ymax>2591</ymax>
		</bndbox>
	</object>
	<object>
		<name>8</name>
		<pose>Unspecified</pose>
		<truncated>0</truncated>
		<difficult>0</difficult>
		<bndbox>
			<xmin>1511</xmin>
			<ymin>1943</ymin>
			<xmax>1844</xmax>
			<ymax>2611</ymax>
		</bndbox>
	</object>
	<object>
		<name>3</name>
		<pose>Unspecified</pose>
		<truncated>0</truncated>
		<difficult>0</difficult>
		<bndbox>
			<xmin>1851</xmin>
			<ymin>1916</ymin>
			<xmax>2118</xmax>
			<ymax>2611</ymax>
		</bndbox>
	</object>
</annotation>
