<annotation>
	<folder>image_dataset</folder>
	<filename>884_davis.jpg</filename>
	<path>/home/sachin/EE890_Image/image_dataset/884_davis.jpg</path>
	<source>
		<database>Unknown</database>
	</source>
	<size>
		<width>3456</width>
		<height>4608</height>
		<depth>3</depth>
	</size>
	<segmented>0</segmented>
	<object>
		<name>8</name>
		<pose>Unspecified</pose>
		<truncated>0</truncated>
		<difficult>0</difficult>
		<bndbox>
			<xmin>1451</xmin>
			<ymin>1643</ymin>
			<xmax>1711</xmax>
			<ymax>2184</ymax>
		</bndbox>
	</object>
	<object>
		<name>8</name>
		<pose>Unspecified</pose>
		<truncated>0</truncated>
		<difficult>0</difficult>
		<bndbox>
			<xmin>1731</xmin>
			<ymin>1630</ymin>
			<xmax>2011</xmax>
			<ymax>2197</ymax>
		</bndbox>
	</object>
	<object>
		<name>4</name>
		<pose>Unspecified</pose>
		<truncated>0</truncated>
		<difficult>0</difficult>
		<bndbox>
			<xmin>2024</xmin>
			<ymin>1616</ymin>
			<xmax>2298</xmax>
			<ymax>2177</ymax>
		</bndbox>
	</object>
</annotation>
