<annotation>
	<folder>image_dataset</folder>
	<filename>888_davis.jpg</filename>
	<path>/home/sachin/EE890_Image/image_dataset/888_davis.jpg</path>
	<source>
		<database>Unknown</database>
	</source>
	<size>
		<width>3456</width>
		<height>4608</height>
		<depth>3</depth>
	</size>
	<segmented>0</segmented>
	<object>
		<name>8</name>
		<pose>Unspecified</pose>
		<truncated>0</truncated>
		<difficult>0</difficult>
		<bndbox>
			<xmin>1418</xmin>
			<ymin>1630</ymin>
			<xmax>1731</xmax>
			<ymax>2171</ymax>
		</bndbox>
	</object>
	<object>
		<name>8</name>
		<pose>Unspecified</pose>
		<truncated>0</truncated>
		<difficult>0</difficult>
		<bndbox>
			<xmin>1751</xmin>
			<ymin>1623</ymin>
			<xmax>2011</xmax>
			<ymax>2171</ymax>
		</bndbox>
	</object>
	<object>
		<name>8</name>
		<pose>Unspecified</pose>
		<truncated>0</truncated>
		<difficult>0</difficult>
		<bndbox>
			<xmin>2044</xmin>
			<ymin>1616</ymin>
			<xmax>2271</xmax>
			<ymax>2177</ymax>
		</bndbox>
	</object>
</annotation>
