<annotation>
	<folder>image_dataset</folder>
	<filename>889_davis.jpg</filename>
	<path>/home/sachin/EE890_Image/image_dataset/889_davis.jpg</path>
	<source>
		<database>Unknown</database>
	</source>
	<size>
		<width>3456</width>
		<height>4608</height>
		<depth>3</depth>
	</size>
	<segmented>0</segmented>
	<object>
		<name>8</name>
		<pose>Unspecified</pose>
		<truncated>0</truncated>
		<difficult>0</difficult>
		<bndbox>
			<xmin>1324</xmin>
			<ymin>1616</ymin>
			<xmax>1598</xmax>
			<ymax>2217</ymax>
		</bndbox>
	</object>
	<object>
		<name>8</name>
		<pose>Unspecified</pose>
		<truncated>0</truncated>
		<difficult>0</difficult>
		<bndbox>
			<xmin>1611</xmin>
			<ymin>1596</ymin>
			<xmax>1898</xmax>
			<ymax>2231</ymax>
		</bndbox>
	</object>
	<object>
		<name>9</name>
		<pose>Unspecified</pose>
		<truncated>0</truncated>
		<difficult>0</difficult>
		<bndbox>
			<xmin>1944</xmin>
			<ymin>1576</ymin>
			<xmax>2251</xmax>
			<ymax>2184</ymax>
		</bndbox>
	</object>
</annotation>
