<annotation>
	<folder>image_dataset</folder>
	<filename>890_davis.jpg</filename>
	<path>/home/sachin/EE890_Image/image_dataset/890_davis.jpg</path>
	<source>
		<database>Unknown</database>
	</source>
	<size>
		<width>3456</width>
		<height>4608</height>
		<depth>3</depth>
	</size>
	<segmented>0</segmented>
	<object>
		<name>8</name>
		<pose>Unspecified</pose>
		<truncated>0</truncated>
		<difficult>0</difficult>
		<bndbox>
			<xmin>1444</xmin>
			<ymin>1656</ymin>
			<xmax>1744</xmax>
			<ymax>2197</ymax>
		</bndbox>
	</object>
	<object>
		<name>9</name>
		<pose>Unspecified</pose>
		<truncated>0</truncated>
		<difficult>0</difficult>
		<bndbox>
			<xmin>1718</xmin>
			<ymin>1656</ymin>
			<xmax>2011</xmax>
			<ymax>2211</ymax>
		</bndbox>
	</object>
	<object>
		<name>0</name>
		<pose>Unspecified</pose>
		<truncated>0</truncated>
		<difficult>0</difficult>
		<bndbox>
			<xmin>2024</xmin>
			<ymin>1656</ymin>
			<xmax>2284</xmax>
			<ymax>2184</ymax>
		</bndbox>
	</object>
</annotation>
