<annotation>
	<folder>image_dataset</folder>
	<filename>891_davis.jpg</filename>
	<path>/home/sachin/EE890_Image/image_dataset/891_davis.jpg</path>
	<source>
		<database>Unknown</database>
	</source>
	<size>
		<width>3456</width>
		<height>4608</height>
		<depth>3</depth>
	</size>
	<segmented>0</segmented>
	<object>
		<name>8</name>
		<pose>Unspecified</pose>
		<truncated>0</truncated>
		<difficult>0</difficult>
		<bndbox>
			<xmin>1291</xmin>
			<ymin>2304</ymin>
			<xmax>1584</xmax>
			<ymax>2884</ymax>
		</bndbox>
	</object>
	<object>
		<name>9</name>
		<pose>Unspecified</pose>
		<truncated>0</truncated>
		<difficult>0</difficult>
		<bndbox>
			<xmin>1598</xmin>
			<ymin>2284</ymin>
			<xmax>1878</xmax>
			<ymax>2891</ymax>
		</bndbox>
	</object>
	<object>
		<name>1</name>
		<pose>Unspecified</pose>
		<truncated>0</truncated>
		<difficult>0</difficult>
		<bndbox>
			<xmin>1958</xmin>
			<ymin>2291</ymin>
			<xmax>2144</xmax>
			<ymax>2857</ymax>
		</bndbox>
	</object>
</annotation>
