<annotation>
	<folder>image_dataset</folder>
	<filename>893_davis.jpg</filename>
	<path>/home/sachin/EE890_Image/image_dataset/893_davis.jpg</path>
	<source>
		<database>Unknown</database>
	</source>
	<size>
		<width>3456</width>
		<height>4608</height>
		<depth>3</depth>
	</size>
	<segmented>0</segmented>
	<object>
		<name>8</name>
		<pose>Unspecified</pose>
		<truncated>0</truncated>
		<difficult>0</difficult>
		<bndbox>
			<xmin>1411</xmin>
			<ymin>1703</ymin>
			<xmax>1691</xmax>
			<ymax>2237</ymax>
		</bndbox>
	</object>
	<object>
		<name>9</name>
		<pose>Unspecified</pose>
		<truncated>0</truncated>
		<difficult>0</difficult>
		<bndbox>
			<xmin>1711</xmin>
			<ymin>1676</ymin>
			<xmax>1991</xmax>
			<ymax>2251</ymax>
		</bndbox>
	</object>
	<object>
		<name>3</name>
		<pose>Unspecified</pose>
		<truncated>0</truncated>
		<difficult>0</difficult>
		<bndbox>
			<xmin>1998</xmin>
			<ymin>1676</ymin>
			<xmax>2278</xmax>
			<ymax>2244</ymax>
		</bndbox>
	</object>
</annotation>
