<annotation>
	<folder>Image_dataset</folder>
	<filename>896_AlNasser.jpg</filename>
	<path>/Users/iMontyMac/Desktop/ECE490_DataCollection/Image_dataset/896_AlNasser.jpg</path>
	<source>
		<database>Unknown</database>
	</source>
	<size>
		<width>3024</width>
		<height>4032</height>
		<depth>3</depth>
	</size>
	<segmented>0</segmented>
	<object>
		<name>8</name>
		<pose>Unspecified</pose>
		<truncated>0</truncated>
		<difficult>0</difficult>
		<bndbox>
			<xmin>1308</xmin>
			<ymin>1824</ymin>
			<xmax>1596</xmax>
			<ymax>2375</ymax>
		</bndbox>
	</object>
	<object>
		<name>9</name>
		<pose>Unspecified</pose>
		<truncated>0</truncated>
		<difficult>0</difficult>
		<bndbox>
			<xmin>1602</xmin>
			<ymin>1837</ymin>
			<xmax>1846</xmax>
			<ymax>2375</ymax>
		</bndbox>
	</object>
	<object>
		<name>6</name>
		<pose>Unspecified</pose>
		<truncated>0</truncated>
		<difficult>0</difficult>
		<bndbox>
			<xmin>1865</xmin>
			<ymin>1844</ymin>
			<xmax>2165</xmax>
			<ymax>2387</ymax>
		</bndbox>
	</object>
</annotation>
