<annotation>
	<folder>image_dataset</folder>
	<filename>896_davis.jpg</filename>
	<path>/home/sachin/EE890_Image/image_dataset/896_davis.jpg</path>
	<source>
		<database>Unknown</database>
	</source>
	<size>
		<width>3456</width>
		<height>4608</height>
		<depth>3</depth>
	</size>
	<segmented>0</segmented>
	<object>
		<name>8</name>
		<pose>Unspecified</pose>
		<truncated>0</truncated>
		<difficult>0</difficult>
		<bndbox>
			<xmin>1371</xmin>
			<ymin>1663</ymin>
			<xmax>1718</xmax>
			<ymax>2251</ymax>
		</bndbox>
	</object>
	<object>
		<name>9</name>
		<pose>Unspecified</pose>
		<truncated>0</truncated>
		<difficult>0</difficult>
		<bndbox>
			<xmin>1731</xmin>
			<ymin>1663</ymin>
			<xmax>1991</xmax>
			<ymax>2217</ymax>
		</bndbox>
	</object>
	<object>
		<name>6</name>
		<pose>Unspecified</pose>
		<truncated>0</truncated>
		<difficult>0</difficult>
		<bndbox>
			<xmin>1991</xmin>
			<ymin>1650</ymin>
			<xmax>2291</xmax>
			<ymax>2237</ymax>
		</bndbox>
	</object>
</annotation>
