<annotation>
	<folder>image_dataset</folder>
	<filename>900_davis.jpg</filename>
	<path>/home/sachin/EE890_Image/image_dataset/900_davis.jpg</path>
	<source>
		<database>Unknown</database>
	</source>
	<size>
		<width>3456</width>
		<height>4608</height>
		<depth>3</depth>
	</size>
	<segmented>0</segmented>
	<object>
		<name>9</name>
		<pose>Unspecified</pose>
		<truncated>0</truncated>
		<difficult>0</difficult>
		<bndbox>
			<xmin>1418</xmin>
			<ymin>1670</ymin>
			<xmax>1711</xmax>
			<ymax>2217</ymax>
		</bndbox>
	</object>
	<object>
		<name>0</name>
		<pose>Unspecified</pose>
		<truncated>0</truncated>
		<difficult>0</difficult>
		<bndbox>
			<xmin>1724</xmin>
			<ymin>1656</ymin>
			<xmax>1998</xmax>
			<ymax>2211</ymax>
		</bndbox>
	</object>
	<object>
		<name>0</name>
		<pose>Unspecified</pose>
		<truncated>0</truncated>
		<difficult>0</difficult>
		<bndbox>
			<xmin>2011</xmin>
			<ymin>1650</ymin>
			<xmax>2311</xmax>
			<ymax>2224</ymax>
		</bndbox>
	</object>
</annotation>
