<annotation>
	<folder>image_dataset</folder>
	<filename>905_davis_1.jpg</filename>
	<path>/home/sachin/EE890_Image/image_dataset/905_davis_1.jpg</path>
	<source>
		<database>Unknown</database>
	</source>
	<size>
		<width>3456</width>
		<height>4608</height>
		<depth>3</depth>
	</size>
	<segmented>0</segmented>
	<object>
		<name>9</name>
		<pose>Unspecified</pose>
		<truncated>0</truncated>
		<difficult>0</difficult>
		<bndbox>
			<xmin>1271</xmin>
			<ymin>1556</ymin>
			<xmax>1571</xmax>
			<ymax>2204</ymax>
		</bndbox>
	</object>
	<object>
		<name>0</name>
		<pose>Unspecified</pose>
		<truncated>0</truncated>
		<difficult>0</difficult>
		<bndbox>
			<xmin>1564</xmin>
			<ymin>1556</ymin>
			<xmax>1884</xmax>
			<ymax>2217</ymax>
		</bndbox>
	</object>
	<object>
		<name>5</name>
		<pose>Unspecified</pose>
		<truncated>0</truncated>
		<difficult>0</difficult>
		<bndbox>
			<xmin>1904</xmin>
			<ymin>1570</ymin>
			<xmax>2198</xmax>
			<ymax>2191</ymax>
		</bndbox>
	</object>
</annotation>
