<annotation>
	<folder>image_dataset</folder>
	<filename>905_davis_2.jpg</filename>
	<path>/home/sachin/EE890_Image/image_dataset/905_davis_2.jpg</path>
	<source>
		<database>Unknown</database>
	</source>
	<size>
		<width>3456</width>
		<height>4608</height>
		<depth>3</depth>
	</size>
	<segmented>0</segmented>
	<object>
		<name>9</name>
		<pose>Unspecified</pose>
		<truncated>0</truncated>
		<difficult>0</difficult>
		<bndbox>
			<xmin>1444</xmin>
			<ymin>1683</ymin>
			<xmax>1724</xmax>
			<ymax>2177</ymax>
		</bndbox>
	</object>
	<object>
		<name>0</name>
		<pose>Unspecified</pose>
		<truncated>0</truncated>
		<difficult>0</difficult>
		<bndbox>
			<xmin>1738</xmin>
			<ymin>1690</ymin>
			<xmax>2024</xmax>
			<ymax>2197</ymax>
		</bndbox>
	</object>
	<object>
		<name>5</name>
		<pose>Unspecified</pose>
		<truncated>0</truncated>
		<difficult>0</difficult>
		<bndbox>
			<xmin>2018</xmin>
			<ymin>1670</ymin>
			<xmax>2311</xmax>
			<ymax>2197</ymax>
		</bndbox>
	</object>
</annotation>
