<annotation>
	<folder>image_dataset</folder>
	<filename>908_davis.jpg</filename>
	<path>/home/sachin/EE890_Image/image_dataset/908_davis.jpg</path>
	<source>
		<database>Unknown</database>
	</source>
	<size>
		<width>3456</width>
		<height>4608</height>
		<depth>3</depth>
	</size>
	<segmented>0</segmented>
	<object>
		<name>9</name>
		<pose>Unspecified</pose>
		<truncated>0</truncated>
		<difficult>0</difficult>
		<bndbox>
			<xmin>1298</xmin>
			<ymin>1590</ymin>
			<xmax>1591</xmax>
			<ymax>2217</ymax>
		</bndbox>
	</object>
	<object>
		<name>0</name>
		<pose>Unspecified</pose>
		<truncated>0</truncated>
		<difficult>0</difficult>
		<bndbox>
			<xmin>1571</xmin>
			<ymin>1590</ymin>
			<xmax>1898</xmax>
			<ymax>2204</ymax>
		</bndbox>
	</object>
	<object>
		<name>8</name>
		<pose>Unspecified</pose>
		<truncated>0</truncated>
		<difficult>0</difficult>
		<bndbox>
			<xmin>1911</xmin>
			<ymin>1590</ymin>
			<xmax>2184</xmax>
			<ymax>2211</ymax>
		</bndbox>
	</object>
</annotation>
