<annotation>
	<folder>image_dataset</folder>
	<filename>912_davis.jpg</filename>
	<path>/home/sachin/EE890_Image/image_dataset/912_davis.jpg</path>
	<source>
		<database>Unknown</database>
	</source>
	<size>
		<width>3456</width>
		<height>4608</height>
		<depth>3</depth>
	</size>
	<segmented>0</segmented>
	<object>
		<name>9</name>
		<pose>Unspecified</pose>
		<truncated>0</truncated>
		<difficult>0</difficult>
		<bndbox>
			<xmin>1331</xmin>
			<ymin>1596</ymin>
			<xmax>1664</xmax>
			<ymax>2224</ymax>
		</bndbox>
	</object>
	<object>
		<name>1</name>
		<pose>Unspecified</pose>
		<truncated>0</truncated>
		<difficult>0</difficult>
		<bndbox>
			<xmin>1771</xmin>
			<ymin>1616</ymin>
			<xmax>1978</xmax>
			<ymax>2211</ymax>
		</bndbox>
	</object>
	<object>
		<name>2</name>
		<pose>Unspecified</pose>
		<truncated>0</truncated>
		<difficult>0</difficult>
		<bndbox>
			<xmin>1991</xmin>
			<ymin>1616</ymin>
			<xmax>2284</xmax>
			<ymax>2244</ymax>
		</bndbox>
	</object>
</annotation>
