<annotation>
	<folder>image_dataset</folder>
	<filename>914_davis.jpg</filename>
	<path>/home/sachin/EE890_Image/image_dataset/914_davis.jpg</path>
	<source>
		<database>Unknown</database>
	</source>
	<size>
		<width>3456</width>
		<height>4608</height>
		<depth>3</depth>
	</size>
	<segmented>0</segmented>
	<object>
		<name>9</name>
		<pose>Unspecified</pose>
		<truncated>0</truncated>
		<difficult>0</difficult>
		<bndbox>
			<xmin>1244</xmin>
			<ymin>1623</ymin>
			<xmax>1618</xmax>
			<ymax>2264</ymax>
		</bndbox>
	</object>
	<object>
		<name>1</name>
		<pose>Unspecified</pose>
		<truncated>0</truncated>
		<difficult>0</difficult>
		<bndbox>
			<xmin>1698</xmin>
			<ymin>1623</ymin>
			<xmax>1904</xmax>
			<ymax>2217</ymax>
		</bndbox>
	</object>
	<object>
		<name>4</name>
		<pose>Unspecified</pose>
		<truncated>0</truncated>
		<difficult>0</difficult>
		<bndbox>
			<xmin>1904</xmin>
			<ymin>1610</ymin>
			<xmax>2204</xmax>
			<ymax>2224</ymax>
		</bndbox>
	</object>
</annotation>
