<annotation>
	<folder>image_dataset</folder>
	<filename>918_davis.jpg</filename>
	<path>/home/sachin/EE890_Image/image_dataset/918_davis.jpg</path>
	<source>
		<database>Unknown</database>
	</source>
	<size>
		<width>3456</width>
		<height>4608</height>
		<depth>3</depth>
	</size>
	<segmented>0</segmented>
	<object>
		<name>9</name>
		<pose>Unspecified</pose>
		<truncated>0</truncated>
		<difficult>0</difficult>
		<bndbox>
			<xmin>1384</xmin>
			<ymin>1656</ymin>
			<xmax>1704</xmax>
			<ymax>2224</ymax>
		</bndbox>
	</object>
	<object>
		<name>1</name>
		<pose>Unspecified</pose>
		<truncated>0</truncated>
		<difficult>0</difficult>
		<bndbox>
			<xmin>1798</xmin>
			<ymin>1656</ymin>
			<xmax>2004</xmax>
			<ymax>2204</ymax>
		</bndbox>
	</object>
	<object>
		<name>8</name>
		<pose>Unspecified</pose>
		<truncated>0</truncated>
		<difficult>0</difficult>
		<bndbox>
			<xmin>2004</xmin>
			<ymin>1650</ymin>
			<xmax>2284</xmax>
			<ymax>2217</ymax>
		</bndbox>
	</object>
</annotation>
