<annotation>
	<folder>image_dataset</folder>
	<filename>919_davis.jpg</filename>
	<path>/home/sachin/EE890_Image/image_dataset/919_davis.jpg</path>
	<source>
		<database>Unknown</database>
	</source>
	<size>
		<width>3456</width>
		<height>4608</height>
		<depth>3</depth>
	</size>
	<segmented>0</segmented>
	<object>
		<name>9</name>
		<pose>Unspecified</pose>
		<truncated>0</truncated>
		<difficult>0</difficult>
		<bndbox>
			<xmin>1351</xmin>
			<ymin>1576</ymin>
			<xmax>1664</xmax>
			<ymax>2204</ymax>
		</bndbox>
	</object>
	<object>
		<name>1</name>
		<pose>Unspecified</pose>
		<truncated>0</truncated>
		<difficult>0</difficult>
		<bndbox>
			<xmin>1751</xmin>
			<ymin>1570</ymin>
			<xmax>1964</xmax>
			<ymax>2217</ymax>
		</bndbox>
	</object>
	<object>
		<name>9</name>
		<pose>Unspecified</pose>
		<truncated>0</truncated>
		<difficult>0</difficult>
		<bndbox>
			<xmin>1978</xmin>
			<ymin>1563</ymin>
			<xmax>2271</xmax>
			<ymax>2197</ymax>
		</bndbox>
	</object>
</annotation>
