<annotation>
	<folder>image_dataset</folder>
	<filename>921_davis.jpg</filename>
	<path>/home/sachin/EE890_Image/image_dataset/921_davis.jpg</path>
	<source>
		<database>Unknown</database>
	</source>
	<size>
		<width>3456</width>
		<height>4608</height>
		<depth>3</depth>
	</size>
	<segmented>0</segmented>
	<object>
		<name>9</name>
		<pose>Unspecified</pose>
		<truncated>0</truncated>
		<difficult>0</difficult>
		<bndbox>
			<xmin>1418</xmin>
			<ymin>1663</ymin>
			<xmax>1751</xmax>
			<ymax>2217</ymax>
		</bndbox>
	</object>
	<object>
		<name>2</name>
		<pose>Unspecified</pose>
		<truncated>0</truncated>
		<difficult>0</difficult>
		<bndbox>
			<xmin>1711</xmin>
			<ymin>1650</ymin>
			<xmax>2064</xmax>
			<ymax>2231</ymax>
		</bndbox>
	</object>
	<object>
		<name>1</name>
		<pose>Unspecified</pose>
		<truncated>0</truncated>
		<difficult>0</difficult>
		<bndbox>
			<xmin>2144</xmin>
			<ymin>1636</ymin>
			<xmax>2298</xmax>
			<ymax>2197</ymax>
		</bndbox>
	</object>
</annotation>
