<annotation>
	<folder>image_dataset</folder>
	<filename>922_davis.jpg</filename>
	<path>/home/sachin/EE890_Image/image_dataset/922_davis.jpg</path>
	<source>
		<database>Unknown</database>
	</source>
	<size>
		<width>3456</width>
		<height>4608</height>
		<depth>3</depth>
	</size>
	<segmented>0</segmented>
	<object>
		<name>9</name>
		<pose>Unspecified</pose>
		<truncated>0</truncated>
		<difficult>0</difficult>
		<bndbox>
			<xmin>1278</xmin>
			<ymin>1596</ymin>
			<xmax>1564</xmax>
			<ymax>2191</ymax>
		</bndbox>
	</object>
	<object>
		<name>2</name>
		<pose>Unspecified</pose>
		<truncated>0</truncated>
		<difficult>0</difficult>
		<bndbox>
			<xmin>1571</xmin>
			<ymin>1590</ymin>
			<xmax>1871</xmax>
			<ymax>2204</ymax>
		</bndbox>
	</object>
	<object>
		<name>2</name>
		<pose>Unspecified</pose>
		<truncated>0</truncated>
		<difficult>0</difficult>
		<bndbox>
			<xmin>1878</xmin>
			<ymin>1576</ymin>
			<xmax>2211</xmax>
			<ymax>2191</ymax>
		</bndbox>
	</object>
</annotation>
