<annotation>
	<folder>image_dataset</folder>
	<filename>926_davis.jpg</filename>
	<path>/home/sachin/EE890_Image/image_dataset/926_davis.jpg</path>
	<source>
		<database>Unknown</database>
	</source>
	<size>
		<width>3456</width>
		<height>4608</height>
		<depth>3</depth>
	</size>
	<segmented>0</segmented>
	<object>
		<name>9</name>
		<pose>Unspecified</pose>
		<truncated>0</truncated>
		<difficult>0</difficult>
		<bndbox>
			<xmin>1398</xmin>
			<ymin>1636</ymin>
			<xmax>1698</xmax>
			<ymax>2204</ymax>
		</bndbox>
	</object>
	<object>
		<name>2</name>
		<pose>Unspecified</pose>
		<truncated>0</truncated>
		<difficult>0</difficult>
		<bndbox>
			<xmin>1711</xmin>
			<ymin>1616</ymin>
			<xmax>1984</xmax>
			<ymax>2217</ymax>
		</bndbox>
	</object>
	<object>
		<name>6</name>
		<pose>Unspecified</pose>
		<truncated>0</truncated>
		<difficult>0</difficult>
		<bndbox>
			<xmin>2004</xmin>
			<ymin>1610</ymin>
			<xmax>2264</xmax>
			<ymax>2204</ymax>
		</bndbox>
	</object>
</annotation>
