<annotation>
	<folder>image_dataset</folder>
	<filename>927_davis.jpg</filename>
	<path>/home/sachin/EE890_Image/image_dataset/927_davis.jpg</path>
	<source>
		<database>Unknown</database>
	</source>
	<size>
		<width>3456</width>
		<height>4608</height>
		<depth>3</depth>
	</size>
	<segmented>0</segmented>
	<object>
		<name>9</name>
		<pose>Unspecified</pose>
		<truncated>0</truncated>
		<difficult>0</difficult>
		<bndbox>
			<xmin>1271</xmin>
			<ymin>1636</ymin>
			<xmax>1544</xmax>
			<ymax>2231</ymax>
		</bndbox>
	</object>
	<object>
		<name>2</name>
		<pose>Unspecified</pose>
		<truncated>0</truncated>
		<difficult>0</difficult>
		<bndbox>
			<xmin>1524</xmin>
			<ymin>1616</ymin>
			<xmax>1858</xmax>
			<ymax>2271</ymax>
		</bndbox>
	</object>
	<object>
		<name>7</name>
		<pose>Unspecified</pose>
		<truncated>0</truncated>
		<difficult>0</difficult>
		<bndbox>
			<xmin>1884</xmin>
			<ymin>1610</ymin>
			<xmax>2178</xmax>
			<ymax>2224</ymax>
		</bndbox>
	</object>
</annotation>
