<annotation>
	<folder>image_dataset</folder>
	<filename>936_davis.jpg</filename>
	<path>/home/sachin/EE890_Image/image_dataset/936_davis.jpg</path>
	<source>
		<database>Unknown</database>
	</source>
	<size>
		<width>3456</width>
		<height>4608</height>
		<depth>3</depth>
	</size>
	<segmented>0</segmented>
	<object>
		<name>9</name>
		<pose>Unspecified</pose>
		<truncated>0</truncated>
		<difficult>0</difficult>
		<bndbox>
			<xmin>1431</xmin>
			<ymin>1630</ymin>
			<xmax>1671</xmax>
			<ymax>2231</ymax>
		</bndbox>
	</object>
	<object>
		<name>3</name>
		<pose>Unspecified</pose>
		<truncated>0</truncated>
		<difficult>0</difficult>
		<bndbox>
			<xmin>1751</xmin>
			<ymin>1636</ymin>
			<xmax>1964</xmax>
			<ymax>2224</ymax>
		</bndbox>
	</object>
	<object>
		<name>6</name>
		<pose>Unspecified</pose>
		<truncated>0</truncated>
		<difficult>0</difficult>
		<bndbox>
			<xmin>2018</xmin>
			<ymin>1636</ymin>
			<xmax>2251</xmax>
			<ymax>2197</ymax>
		</bndbox>
	</object>
</annotation>
