<annotation>
	<folder>image_dataset</folder>
	<filename>942_davis.jpg</filename>
	<path>/home/sachin/EE890_Image/image_dataset/942_davis.jpg</path>
	<source>
		<database>Unknown</database>
	</source>
	<size>
		<width>3456</width>
		<height>4608</height>
		<depth>3</depth>
	</size>
	<segmented>0</segmented>
	<object>
		<name>9</name>
		<pose>Unspecified</pose>
		<truncated>0</truncated>
		<difficult>0</difficult>
		<bndbox>
			<xmin>1198</xmin>
			<ymin>2084</ymin>
			<xmax>1511</xmax>
			<ymax>2691</ymax>
		</bndbox>
	</object>
	<object>
		<name>4</name>
		<pose>Unspecified</pose>
		<truncated>0</truncated>
		<difficult>0</difficult>
		<bndbox>
			<xmin>1511</xmin>
			<ymin>2064</ymin>
			<xmax>1798</xmax>
			<ymax>2711</ymax>
		</bndbox>
	</object>
	<object>
		<name>2</name>
		<pose>Unspecified</pose>
		<truncated>0</truncated>
		<difficult>0</difficult>
		<bndbox>
			<xmin>1791</xmin>
			<ymin>2071</ymin>
			<xmax>2104</xmax>
			<ymax>2684</ymax>
		</bndbox>
	</object>
</annotation>
