<annotation>
	<folder>image_dataset</folder>
	<filename>947_davis.jpg</filename>
	<path>/home/sachin/EE890_Image/image_dataset/947_davis.jpg</path>
	<source>
		<database>Unknown</database>
	</source>
	<size>
		<width>3456</width>
		<height>4608</height>
		<depth>3</depth>
	</size>
	<segmented>0</segmented>
	<object>
		<name>9</name>
		<pose>Unspecified</pose>
		<truncated>0</truncated>
		<difficult>0</difficult>
		<bndbox>
			<xmin>1118</xmin>
			<ymin>2071</ymin>
			<xmax>1444</xmax>
			<ymax>2651</ymax>
		</bndbox>
	</object>
	<object>
		<name>4</name>
		<pose>Unspecified</pose>
		<truncated>0</truncated>
		<difficult>0</difficult>
		<bndbox>
			<xmin>1451</xmin>
			<ymin>2071</ymin>
			<xmax>1771</xmax>
			<ymax>2644</ymax>
		</bndbox>
	</object>
	<object>
		<name>7</name>
		<pose>Unspecified</pose>
		<truncated>0</truncated>
		<difficult>0</difficult>
		<bndbox>
			<xmin>1771</xmin>
			<ymin>2051</ymin>
			<xmax>2051</xmax>
			<ymax>2664</ymax>
		</bndbox>
	</object>
</annotation>
