<annotation>
	<folder>image_dataset</folder>
	<filename>958_Alqahtani.jpg</filename>
	<path>/home/saad/Saad Alqahtani/image_dataset/958_Alqahtani.jpg</path>
	<source>
		<database>Unknown</database>
	</source>
	<size>
		<width>3456</width>
		<height>4608</height>
		<depth>3</depth>
	</size>
	<segmented>0</segmented>
	<object>
		<name>9</name>
		<pose>Unspecified</pose>
		<truncated>0</truncated>
		<difficult>0</difficult>
		<bndbox>
			<xmin>1545</xmin>
			<ymin>1577</ymin>
			<xmax>1754</xmax>
			<ymax>1889</ymax>
		</bndbox>
	</object>
	<object>
		<name>5</name>
		<pose>Unspecified</pose>
		<truncated>0</truncated>
		<difficult>0</difficult>
		<bndbox>
			<xmin>1717</xmin>
			<ymin>1521</ymin>
			<xmax>1876</xmax>
			<ymax>1789</ymax>
		</bndbox>
	</object>
	<object>
		<name>8</name>
		<pose>Unspecified</pose>
		<truncated>0</truncated>
		<difficult>0</difficult>
		<bndbox>
			<xmin>1845</xmin>
			<ymin>1483</ymin>
			<xmax>2045</xmax>
			<ymax>1739</ymax>
		</bndbox>
	</object>
</annotation>
