<annotation>
	<folder>image_dataset</folder>
	<filename>962_Alqahtani.jpg</filename>
	<path>/home/saad/Saad Alqahtani/image_dataset/962_Alqahtani.jpg</path>
	<source>
		<database>Unknown</database>
	</source>
	<size>
		<width>3456</width>
		<height>4608</height>
		<depth>3</depth>
	</size>
	<segmented>0</segmented>
	<object>
		<name>9</name>
		<pose>Unspecified</pose>
		<truncated>0</truncated>
		<difficult>0</difficult>
		<bndbox>
			<xmin>1361</xmin>
			<ymin>1968</ymin>
			<xmax>1583</xmax>
			<ymax>2389</ymax>
		</bndbox>
	</object>
	<object>
		<name>6</name>
		<pose>Unspecified</pose>
		<truncated>0</truncated>
		<difficult>0</difficult>
		<bndbox>
			<xmin>1579</xmin>
			<ymin>1914</ymin>
			<xmax>1783</xmax>
			<ymax>2358</ymax>
		</bndbox>
	</object>
	<object>
		<name>2</name>
		<pose>Unspecified</pose>
		<truncated>0</truncated>
		<difficult>0</difficult>
		<bndbox>
			<xmin>1829</xmin>
			<ymin>1874</ymin>
			<xmax>2020</xmax>
			<ymax>2349</ymax>
		</bndbox>
	</object>
</annotation>
