<annotation>
	<folder>image_dataset</folder>
	<filename>966_Alqahtani.jpg</filename>
	<path>/home/saad/Saad Alqahtani/image_dataset/966_Alqahtani.jpg</path>
	<source>
		<database>Unknown</database>
	</source>
	<size>
		<width>3456</width>
		<height>4608</height>
		<depth>3</depth>
	</size>
	<segmented>0</segmented>
	<object>
		<name>9</name>
		<pose>Unspecified</pose>
		<truncated>0</truncated>
		<difficult>0</difficult>
		<bndbox>
			<xmin>1611</xmin>
			<ymin>1855</ymin>
			<xmax>1833</xmax>
			<ymax>2258</ymax>
		</bndbox>
	</object>
	<object>
		<name>6</name>
		<pose>Unspecified</pose>
		<truncated>0</truncated>
		<difficult>0</difficult>
		<bndbox>
			<xmin>1829</xmin>
			<ymin>1905</ymin>
			<xmax>2001</xmax>
			<ymax>2268</ymax>
		</bndbox>
	</object>
	<object>
		<name>6</name>
		<pose>Unspecified</pose>
		<truncated>0</truncated>
		<difficult>0</difficult>
		<bndbox>
			<xmin>2011</xmin>
			<ymin>1946</ymin>
			<xmax>2198</xmax>
			<ymax>2302</ymax>
		</bndbox>
	</object>
</annotation>
