<annotation>
	<folder>image_dataset</folder>
	<filename>969_Alqahtani.jpg</filename>
	<path>/home/saad/Saad Alqahtani/image_dataset/969_Alqahtani.jpg</path>
	<source>
		<database>Unknown</database>
	</source>
	<size>
		<width>3456</width>
		<height>4608</height>
		<depth>3</depth>
	</size>
	<segmented>0</segmented>
	<object>
		<name>9</name>
		<pose>Unspecified</pose>
		<truncated>0</truncated>
		<difficult>0</difficult>
		<bndbox>
			<xmin>1995</xmin>
			<ymin>1811</ymin>
			<xmax>2239</xmax>
			<ymax>2274</ymax>
		</bndbox>
	</object>
	<object>
		<name>6</name>
		<pose>Unspecified</pose>
		<truncated>0</truncated>
		<difficult>0</difficult>
		<bndbox>
			<xmin>2229</xmin>
			<ymin>1914</ymin>
			<xmax>2426</xmax>
			<ymax>2321</ymax>
		</bndbox>
	</object>
	<object>
		<name>9</name>
		<pose>Unspecified</pose>
		<truncated>0</truncated>
		<difficult>0</difficult>
		<bndbox>
			<xmin>2423</xmin>
			<ymin>1902</ymin>
			<xmax>2648</xmax>
			<ymax>2336</ymax>
		</bndbox>
	</object>
</annotation>
