<annotation>
	<folder>image_dataset</folder>
	<filename>971_Alqahtani.jpg</filename>
	<path>/home/saad/Saad Alqahtani/image_dataset/971_Alqahtani.jpg</path>
	<source>
		<database>Unknown</database>
	</source>
	<size>
		<width>3456</width>
		<height>4608</height>
		<depth>3</depth>
	</size>
	<segmented>0</segmented>
	<object>
		<name>9</name>
		<pose>Unspecified</pose>
		<truncated>0</truncated>
		<difficult>0</difficult>
		<bndbox>
			<xmin>2201</xmin>
			<ymin>1811</ymin>
			<xmax>2392</xmax>
			<ymax>2174</ymax>
		</bndbox>
	</object>
	<object>
		<name>7</name>
		<pose>Unspecified</pose>
		<truncated>0</truncated>
		<difficult>0</difficult>
		<bndbox>
			<xmin>2420</xmin>
			<ymin>1846</ymin>
			<xmax>2576</xmax>
			<ymax>2183</ymax>
		</bndbox>
	</object>
	<object>
		<name>1</name>
		<pose>Unspecified</pose>
		<truncated>0</truncated>
		<difficult>0</difficult>
		<bndbox>
			<xmin>2639</xmin>
			<ymin>1864</ymin>
			<xmax>2792</xmax>
			<ymax>2249</ymax>
		</bndbox>
	</object>
</annotation>
