<annotation>
	<folder>image_dataset</folder>
	<filename>972_Alqahtani.jpg</filename>
	<path>/home/saad/Saad Alqahtani/image_dataset/972_Alqahtani.jpg</path>
	<source>
		<database>Unknown</database>
	</source>
	<size>
		<width>3456</width>
		<height>4608</height>
		<depth>3</depth>
	</size>
	<segmented>0</segmented>
	<object>
		<name>9</name>
		<pose>Unspecified</pose>
		<truncated>0</truncated>
		<difficult>0</difficult>
		<bndbox>
			<xmin>1658</xmin>
			<ymin>1908</ymin>
			<xmax>1908</xmax>
			<ymax>2321</ymax>
		</bndbox>
	</object>
	<object>
		<name>7</name>
		<pose>Unspecified</pose>
		<truncated>0</truncated>
		<difficult>0</difficult>
		<bndbox>
			<xmin>1908</xmin>
			<ymin>1989</ymin>
			<xmax>2061</xmax>
			<ymax>2327</ymax>
		</bndbox>
	</object>
	<object>
		<name>2</name>
		<pose>Unspecified</pose>
		<truncated>0</truncated>
		<difficult>0</difficult>
		<bndbox>
			<xmin>1998</xmin>
			<ymin>2086</ymin>
			<xmax>2273</xmax>
			<ymax>2405</ymax>
		</bndbox>
	</object>
</annotation>
