<annotation>
	<folder>image_dataset</folder>
	<filename>981_1_Alqahtani.jpg</filename>
	<path>/home/saad/Saad Alqahtani/image_dataset/981_1_Alqahtani.jpg</path>
	<source>
		<database>Unknown</database>
	</source>
	<size>
		<width>3456</width>
		<height>4608</height>
		<depth>3</depth>
	</size>
	<segmented>0</segmented>
	<object>
		<name>9</name>
		<pose>Unspecified</pose>
		<truncated>0</truncated>
		<difficult>0</difficult>
		<bndbox>
			<xmin>1986</xmin>
			<ymin>1930</ymin>
			<xmax>2198</xmax>
			<ymax>2314</ymax>
		</bndbox>
	</object>
	<object>
		<name>8</name>
		<pose>Unspecified</pose>
		<truncated>0</truncated>
		<difficult>0</difficult>
		<bndbox>
			<xmin>2173</xmin>
			<ymin>1921</ymin>
			<xmax>2395</xmax>
			<ymax>2268</ymax>
		</bndbox>
	</object>
	<object>
		<name>1</name>
		<pose>Unspecified</pose>
		<truncated>0</truncated>
		<difficult>0</difficult>
		<bndbox>
			<xmin>2414</xmin>
			<ymin>1874</ymin>
			<xmax>2579</xmax>
			<ymax>2214</ymax>
		</bndbox>
	</object>
</annotation>
