<annotation>
	<folder>image_dataset</folder>
	<filename>981_Alqahtani.jpg</filename>
	<path>/home/saad/Saad Alqahtani/image_dataset/981_Alqahtani.jpg</path>
	<source>
		<database>Unknown</database>
	</source>
	<size>
		<width>3456</width>
		<height>4608</height>
		<depth>3</depth>
	</size>
	<segmented>0</segmented>
	<object>
		<name>9</name>
		<pose>Unspecified</pose>
		<truncated>0</truncated>
		<difficult>0</difficult>
		<bndbox>
			<xmin>1945</xmin>
			<ymin>1880</ymin>
			<xmax>2173</xmax>
			<ymax>2236</ymax>
		</bndbox>
	</object>
	<object>
		<name>8</name>
		<pose>Unspecified</pose>
		<truncated>0</truncated>
		<difficult>0</difficult>
		<bndbox>
			<xmin>2142</xmin>
			<ymin>1855</ymin>
			<xmax>2351</xmax>
			<ymax>2199</ymax>
		</bndbox>
	</object>
	<object>
		<name>1</name>
		<pose>Unspecified</pose>
		<truncated>0</truncated>
		<difficult>0</difficult>
		<bndbox>
			<xmin>2392</xmin>
			<ymin>1827</ymin>
			<xmax>2536</xmax>
			<ymax>2139</ymax>
		</bndbox>
	</object>
</annotation>
