<annotation>
	<folder>image_dataset</folder>
	<filename>344_tung.jpg</filename>
	<path>/Users/tung/OneDrive - UWM/EE890_490/Project1_dataset/Che-Wei/image_dataset/344_tung.jpg</path>
	<source>
		<database>Unknown</database>
	</source>
	<size>
		<width>720</width>
		<height>1280</height>
		<depth>3</depth>
	</size>
	<segmented>0</segmented>
	<object>
		<name>3</name>
		<pose>Unspecified</pose>
		<truncated>0</truncated>
		<difficult>0</difficult>
		<bndbox>
			<xmin>195</xmin>
			<ymin>548</ymin>
			<xmax>263</xmax>
			<ymax>699</ymax>
		</bndbox>
	</object>
	<object>
		<name>4</name>
		<pose>Unspecified</pose>
		<truncated>0</truncated>
		<difficult>0</difficult>
		<bndbox>
			<xmin>278</xmin>
			<ymin>550</ymin>
			<xmax>355</xmax>
			<ymax>697</ymax>
		</bndbox>
	</object>
	<object>
		<name>4</name>
		<pose>Unspecified</pose>
		<truncated>0</truncated>
		<difficult>0</difficult>
		<bndbox>
			<xmin>357</xmin>
			<ymin>552</ymin>
			<xmax>437</xmax>
			<ymax>705</ymax>
		</bndbox>
	</object>
</annotation>
