<annotation>
	<folder>new_image_dataset</folder>
	<filename>467_tung.jpg</filename>
	<path>/Users/tung/Desktop/new_image_dataset/467_tung.jpg</path>
	<source>
		<database>Unknown</database>
	</source>
	<size>
		<width>720</width>
		<height>1280</height>
		<depth>3</depth>
	</size>
	<segmented>0</segmented>
	<object>
		<name>4</name>
		<pose>Unspecified</pose>
		<truncated>0</truncated>
		<difficult>0</difficult>
		<bndbox>
			<xmin>235</xmin>
			<ymin>505</ymin>
			<xmax>270</xmax>
			<ymax>580</ymax>
		</bndbox>
	</object>
	<object>
		<name>6</name>
		<pose>Unspecified</pose>
		<truncated>0</truncated>
		<difficult>0</difficult>
		<bndbox>
			<xmin>272</xmin>
			<ymin>505</ymin>
			<xmax>304</xmax>
			<ymax>567</ymax>
		</bndbox>
	</object>
	<object>
		<name>7</name>
		<pose>Unspecified</pose>
		<truncated>0</truncated>
		<difficult>0</difficult>
		<bndbox>
			<xmin>304</xmin>
			<ymin>503</ymin>
			<xmax>344</xmax>
			<ymax>571</ymax>
		</bndbox>
	</object>
</annotation>
