<annotation>
	<folder>new_image_dataset</folder>
	<filename>477_tung.jpg</filename>
	<path>/Users/tung/Desktop/new_image_dataset/477_tung.jpg</path>
	<source>
		<database>Unknown</database>
	</source>
	<size>
		<width>720</width>
		<height>1280</height>
		<depth>3</depth>
	</size>
	<segmented>0</segmented>
	<object>
		<name>4</name>
		<pose>Unspecified</pose>
		<truncated>0</truncated>
		<difficult>0</difficult>
		<bndbox>
			<xmin>229</xmin>
			<ymin>589</ymin>
			<xmax>269</xmax>
			<ymax>659</ymax>
		</bndbox>
	</object>
	<object>
		<name>7</name>
		<pose>Unspecified</pose>
		<truncated>0</truncated>
		<difficult>0</difficult>
		<bndbox>
			<xmin>272</xmin>
			<ymin>586</ymin>
			<xmax>304</xmax>
			<ymax>657</ymax>
		</bndbox>
	</object>
	<object>
		<name>7</name>
		<pose>Unspecified</pose>
		<truncated>0</truncated>
		<difficult>0</difficult>
		<bndbox>
			<xmin>299</xmin>
			<ymin>584</ymin>
			<xmax>344</xmax>
			<ymax>657</ymax>
		</bndbox>
	</object>
</annotation>
