<annotation>
	<folder>new_image_dataset</folder>
	<filename>480_tung.jpg</filename>
	<path>/Users/tung/Desktop/new_image_dataset/480_tung.jpg</path>
	<source>
		<database>Unknown</database>
	</source>
	<size>
		<width>720</width>
		<height>1280</height>
		<depth>3</depth>
	</size>
	<segmented>0</segmented>
	<object>
		<name>4</name>
		<pose>Unspecified</pose>
		<truncated>0</truncated>
		<difficult>0</difficult>
		<bndbox>
			<xmin>238</xmin>
			<ymin>642</ymin>
			<xmax>291</xmax>
			<ymax>723</ymax>
		</bndbox>
	</object>
	<object>
		<name>8</name>
		<pose>Unspecified</pose>
		<truncated>0</truncated>
		<difficult>0</difficult>
		<bndbox>
			<xmin>291</xmin>
			<ymin>640</ymin>
			<xmax>329</xmax>
			<ymax>716</ymax>
		</bndbox>
	</object>
	<object>
		<name>0</name>
		<pose>Unspecified</pose>
		<truncated>0</truncated>
		<difficult>0</difficult>
		<bndbox>
			<xmin>333</xmin>
			<ymin>642</ymin>
			<xmax>378</xmax>
			<ymax>718</ymax>
		</bndbox>
	</object>
</annotation>
