<annotation>
	<folder>new_image_dataset</folder>
	<filename>484_tung.jpg</filename>
	<path>/Users/tung/Desktop/new_image_dataset/484_tung.jpg</path>
	<source>
		<database>Unknown</database>
	</source>
	<size>
		<width>720</width>
		<height>1280</height>
		<depth>3</depth>
	</size>
	<segmented>0</segmented>
	<object>
		<name>4</name>
		<pose>Unspecified</pose>
		<truncated>0</truncated>
		<difficult>0</difficult>
		<bndbox>
			<xmin>170</xmin>
			<ymin>597</ymin>
			<xmax>227</xmax>
			<ymax>703</ymax>
		</bndbox>
	</object>
	<object>
		<name>8</name>
		<pose>Unspecified</pose>
		<truncated>0</truncated>
		<difficult>0</difficult>
		<bndbox>
			<xmin>231</xmin>
			<ymin>599</ymin>
			<xmax>284</xmax>
			<ymax>706</ymax>
		</bndbox>
	</object>
	<object>
		<name>4</name>
		<pose>Unspecified</pose>
		<truncated>0</truncated>
		<difficult>0</difficult>
		<bndbox>
			<xmin>295</xmin>
			<ymin>605</ymin>
			<xmax>348</xmax>
			<ymax>706</ymax>
		</bndbox>
	</object>
</annotation>
