<annotation>
	<folder>new_image_dataset</folder>
	<filename>489_tung.jpg</filename>
	<path>/Users/tung/Desktop/new_image_dataset/489_tung.jpg</path>
	<source>
		<database>Unknown</database>
	</source>
	<size>
		<width>720</width>
		<height>1280</height>
		<depth>3</depth>
	</size>
	<segmented>0</segmented>
	<object>
		<name>4</name>
		<pose>Unspecified</pose>
		<truncated>0</truncated>
		<difficult>0</difficult>
		<bndbox>
			<xmin>150</xmin>
			<ymin>471</ymin>
			<xmax>214</xmax>
			<ymax>546</ymax>
		</bndbox>
	</object>
	<object>
		<name>8</name>
		<pose>Unspecified</pose>
		<truncated>0</truncated>
		<difficult>0</difficult>
		<bndbox>
			<xmin>206</xmin>
			<ymin>463</ymin>
			<xmax>252</xmax>
			<ymax>544</ymax>
		</bndbox>
	</object>
	<object>
		<name>9</name>
		<pose>Unspecified</pose>
		<truncated>0</truncated>
		<difficult>0</difficult>
		<bndbox>
			<xmin>240</xmin>
			<ymin>448</ymin>
			<xmax>293</xmax>
			<ymax>542</ymax>
		</bndbox>
	</object>
</annotation>
