<annotation>
	<folder>new_image_dataset</folder>
	<filename>492_tung.jpg</filename>
	<path>/Users/tung/Desktop/new_image_dataset/492_tung.jpg</path>
	<source>
		<database>Unknown</database>
	</source>
	<size>
		<width>720</width>
		<height>1280</height>
		<depth>3</depth>
	</size>
	<segmented>0</segmented>
	<object>
		<name>4</name>
		<pose>Unspecified</pose>
		<truncated>0</truncated>
		<difficult>0</difficult>
		<bndbox>
			<xmin>89</xmin>
			<ymin>488</ymin>
			<xmax>140</xmax>
			<ymax>584</ymax>
		</bndbox>
	</object>
	<object>
		<name>9</name>
		<pose>Unspecified</pose>
		<truncated>0</truncated>
		<difficult>0</difficult>
		<bndbox>
			<xmin>137</xmin>
			<ymin>486</ymin>
			<xmax>186</xmax>
			<ymax>586</ymax>
		</bndbox>
	</object>
	<object>
		<name>2</name>
		<pose>Unspecified</pose>
		<truncated>0</truncated>
		<difficult>0</difficult>
		<bndbox>
			<xmin>187</xmin>
			<ymin>488</ymin>
			<xmax>235</xmax>
			<ymax>599</ymax>
		</bndbox>
	</object>
</annotation>
