<annotation>
	<folder>new_image_dataset</folder>
	<filename>497_tung.jpg</filename>
	<path>/Users/tung/Desktop/new_image_dataset/497_tung.jpg</path>
	<source>
		<database>Unknown</database>
	</source>
	<size>
		<width>720</width>
		<height>1280</height>
		<depth>3</depth>
	</size>
	<segmented>0</segmented>
	<object>
		<name>4</name>
		<pose>Unspecified</pose>
		<truncated>0</truncated>
		<difficult>0</difficult>
		<bndbox>
			<xmin>191</xmin>
			<ymin>497</ymin>
			<xmax>240</xmax>
			<ymax>610</ymax>
		</bndbox>
	</object>
	<object>
		<name>9</name>
		<pose>Unspecified</pose>
		<truncated>0</truncated>
		<difficult>0</difficult>
		<bndbox>
			<xmin>237</xmin>
			<ymin>495</ymin>
			<xmax>289</xmax>
			<ymax>595</ymax>
		</bndbox>
	</object>
	<object>
		<name>7</name>
		<pose>Unspecified</pose>
		<truncated>0</truncated>
		<difficult>0</difficult>
		<bndbox>
			<xmin>286</xmin>
			<ymin>495</ymin>
			<xmax>342</xmax>
			<ymax>608</ymax>
		</bndbox>
	</object>
</annotation>
