<annotation>
	<folder>new_image_dataset</folder>
	<filename>501_tung.jpg</filename>
	<path>/Users/tung/Desktop/new_image_dataset/501_tung.jpg</path>
	<source>
		<database>Unknown</database>
	</source>
	<size>
		<width>720</width>
		<height>1280</height>
		<depth>3</depth>
	</size>
	<segmented>0</segmented>
	<object>
		<name>5</name>
		<pose>Unspecified</pose>
		<truncated>0</truncated>
		<difficult>0</difficult>
		<bndbox>
			<xmin>157</xmin>
			<ymin>427</ymin>
			<xmax>203</xmax>
			<ymax>535</ymax>
		</bndbox>
	</object>
	<object>
		<name>0</name>
		<pose>Unspecified</pose>
		<truncated>0</truncated>
		<difficult>0</difficult>
		<bndbox>
			<xmin>206</xmin>
			<ymin>439</ymin>
			<xmax>259</xmax>
			<ymax>537</ymax>
		</bndbox>
	</object>
	<object>
		<name>1</name>
		<pose>Unspecified</pose>
		<truncated>0</truncated>
		<difficult>0</difficult>
		<bndbox>
			<xmin>274</xmin>
			<ymin>446</ymin>
			<xmax>306</xmax>
			<ymax>546</ymax>
		</bndbox>
	</object>
</annotation>
