<annotation>
	<folder>new_image_dataset</folder>
	<filename>504_tung.jpg</filename>
	<path>/Users/tung/Desktop/new_image_dataset/504_tung.jpg</path>
	<source>
		<database>Unknown</database>
	</source>
	<size>
		<width>720</width>
		<height>1280</height>
		<depth>3</depth>
	</size>
	<segmented>0</segmented>
	<object>
		<name>5</name>
		<pose>Unspecified</pose>
		<truncated>0</truncated>
		<difficult>0</difficult>
		<bndbox>
			<xmin>253</xmin>
			<ymin>461</ymin>
			<xmax>304</xmax>
			<ymax>565</ymax>
		</bndbox>
	</object>
	<object>
		<name>0</name>
		<pose>Unspecified</pose>
		<truncated>0</truncated>
		<difficult>0</difficult>
		<bndbox>
			<xmin>304</xmin>
			<ymin>469</ymin>
			<xmax>348</xmax>
			<ymax>578</ymax>
		</bndbox>
	</object>
	<object>
		<name>4</name>
		<pose>Unspecified</pose>
		<truncated>0</truncated>
		<difficult>0</difficult>
		<bndbox>
			<xmin>350</xmin>
			<ymin>480</ymin>
			<xmax>412</xmax>
			<ymax>576</ymax>
		</bndbox>
	</object>
</annotation>
