<annotation>
	<folder>new_image_dataset</folder>
	<filename>511_tung.jpg</filename>
	<path>/Users/tung/Desktop/new_image_dataset/511_tung.jpg</path>
	<source>
		<database>Unknown</database>
	</source>
	<size>
		<width>720</width>
		<height>1280</height>
		<depth>3</depth>
	</size>
	<segmented>0</segmented>
	<object>
		<name>5</name>
		<pose>Unspecified</pose>
		<truncated>0</truncated>
		<difficult>0</difficult>
		<bndbox>
			<xmin>310</xmin>
			<ymin>463</ymin>
			<xmax>361</xmax>
			<ymax>572</ymax>
		</bndbox>
	</object>
	<object>
		<name>1</name>
		<pose>Unspecified</pose>
		<truncated>0</truncated>
		<difficult>0</difficult>
		<bndbox>
			<xmin>363</xmin>
			<ymin>471</ymin>
			<xmax>408</xmax>
			<ymax>569</ymax>
		</bndbox>
	</object>
	<object>
		<name>1</name>
		<pose>Unspecified</pose>
		<truncated>0</truncated>
		<difficult>0</difficult>
		<bndbox>
			<xmin>404</xmin>
			<ymin>474</ymin>
			<xmax>474</xmax>
			<ymax>578</ymax>
		</bndbox>
	</object>
</annotation>
