<annotation>
	<folder>new_image_dataset</folder>
	<filename>514_tung.jpg</filename>
	<path>/Users/tung/Desktop/new_image_dataset/514_tung.jpg</path>
	<source>
		<database>Unknown</database>
	</source>
	<size>
		<width>720</width>
		<height>1280</height>
		<depth>3</depth>
	</size>
	<segmented>0</segmented>
	<object>
		<name>5</name>
		<pose>Unspecified</pose>
		<truncated>0</truncated>
		<difficult>0</difficult>
		<bndbox>
			<xmin>214</xmin>
			<ymin>540</ymin>
			<xmax>263</xmax>
			<ymax>616</ymax>
		</bndbox>
	</object>
	<object>
		<name>1</name>
		<pose>Unspecified</pose>
		<truncated>0</truncated>
		<difficult>0</difficult>
		<bndbox>
			<xmin>261</xmin>
			<ymin>540</ymin>
			<xmax>303</xmax>
			<ymax>608</ymax>
		</bndbox>
	</object>
	<object>
		<name>4</name>
		<pose>Unspecified</pose>
		<truncated>0</truncated>
		<difficult>0</difficult>
		<bndbox>
			<xmin>297</xmin>
			<ymin>533</ymin>
			<xmax>342</xmax>
			<ymax>610</ymax>
		</bndbox>
	</object>
</annotation>
