<annotation verified="yes">
	<folder>new_image_dataset</folder>
	<filename>520_tung.jpg</filename>
	<path>/Users/tung/Desktop/new_image_dataset/520_tung.jpg</path>
	<source>
		<database>Unknown</database>
	</source>
	<size>
		<width>720</width>
		<height>1280</height>
		<depth>3</depth>
	</size>
	<segmented>0</segmented>
	<object>
		<name>5</name>
		<pose>Unspecified</pose>
		<truncated>0</truncated>
		<difficult>0</difficult>
		<bndbox>
			<xmin>203</xmin>
			<ymin>799</ymin>
			<xmax>244</xmax>
			<ymax>905</ymax>
		</bndbox>
	</object>
	<object>
		<name>2</name>
		<pose>Unspecified</pose>
		<truncated>0</truncated>
		<difficult>0</difficult>
		<bndbox>
			<xmin>253</xmin>
			<ymin>810</ymin>
			<xmax>295</xmax>
			<ymax>906</ymax>
		</bndbox>
	</object>
	<object>
		<name>0</name>
		<pose>Unspecified</pose>
		<truncated>0</truncated>
		<difficult>0</difficult>
		<bndbox>
			<xmin>297</xmin>
			<ymin>823</ymin>
			<xmax>357</xmax>
			<ymax>922</ymax>
		</bndbox>
	</object>
</annotation>
