<annotation>
	<folder>new_image_dataset</folder>
	<filename>525_tung.jpg</filename>
	<path>/Users/tung/Desktop/new_image_dataset/525_tung.jpg</path>
	<source>
		<database>Unknown</database>
	</source>
	<size>
		<width>720</width>
		<height>1280</height>
		<depth>3</depth>
	</size>
	<segmented>0</segmented>
	<object>
		<name>5</name>
		<pose>Unspecified</pose>
		<truncated>0</truncated>
		<difficult>0</difficult>
		<bndbox>
			<xmin>114</xmin>
			<ymin>572</ymin>
			<xmax>167</xmax>
			<ymax>678</ymax>
		</bndbox>
	</object>
	<object>
		<name>2</name>
		<pose>Unspecified</pose>
		<truncated>0</truncated>
		<difficult>0</difficult>
		<bndbox>
			<xmin>169</xmin>
			<ymin>582</ymin>
			<xmax>223</xmax>
			<ymax>686</ymax>
		</bndbox>
	</object>
	<object>
		<name>5</name>
		<pose>Unspecified</pose>
		<truncated>0</truncated>
		<difficult>0</difficult>
		<bndbox>
			<xmin>216</xmin>
			<ymin>589</ymin>
			<xmax>284</xmax>
			<ymax>697</ymax>
		</bndbox>
	</object>
</annotation>
