<annotation>
	<folder>new_image_dataset</folder>
	<filename>526_tung.jpg</filename>
	<path>/Users/tung/Desktop/new_image_dataset/526_tung.jpg</path>
	<source>
		<database>Unknown</database>
	</source>
	<size>
		<width>720</width>
		<height>1280</height>
		<depth>3</depth>
	</size>
	<segmented>0</segmented>
	<object>
		<name>5</name>
		<pose>Unspecified</pose>
		<truncated>0</truncated>
		<difficult>0</difficult>
		<bndbox>
			<xmin>263</xmin>
			<ymin>546</ymin>
			<xmax>310</xmax>
			<ymax>640</ymax>
		</bndbox>
	</object>
	<object>
		<name>2</name>
		<pose>Unspecified</pose>
		<truncated>0</truncated>
		<difficult>0</difficult>
		<bndbox>
			<xmin>301</xmin>
			<ymin>555</ymin>
			<xmax>359</xmax>
			<ymax>654</ymax>
		</bndbox>
	</object>
	<object>
		<name>6</name>
		<pose>Unspecified</pose>
		<truncated>0</truncated>
		<difficult>0</difficult>
		<bndbox>
			<xmin>353</xmin>
			<ymin>563</ymin>
			<xmax>420</xmax>
			<ymax>652</ymax>
		</bndbox>
	</object>
</annotation>
