<annotation>
	<folder>new_image_dataset</folder>
	<filename>530_tung.jpg</filename>
	<path>/Users/tung/Desktop/new_image_dataset/530_tung.jpg</path>
	<source>
		<database>Unknown</database>
	</source>
	<size>
		<width>720</width>
		<height>1280</height>
		<depth>3</depth>
	</size>
	<segmented>0</segmented>
	<object>
		<name>5</name>
		<pose>Unspecified</pose>
		<truncated>0</truncated>
		<difficult>0</difficult>
		<bndbox>
			<xmin>259</xmin>
			<ymin>616</ymin>
			<xmax>291</xmax>
			<ymax>714</ymax>
		</bndbox>
	</object>
	<object>
		<name>3</name>
		<pose>Unspecified</pose>
		<truncated>0</truncated>
		<difficult>0</difficult>
		<bndbox>
			<xmin>293</xmin>
			<ymin>627</ymin>
			<xmax>346</xmax>
			<ymax>710</ymax>
		</bndbox>
	</object>
	<object>
		<name>0</name>
		<pose>Unspecified</pose>
		<truncated>0</truncated>
		<difficult>0</difficult>
		<bndbox>
			<xmin>333</xmin>
			<ymin>635</ymin>
			<xmax>382</xmax>
			<ymax>720</ymax>
		</bndbox>
	</object>
</annotation>
