<annotation>
	<folder>new_image_dataset</folder>
	<filename>535_tung.jpg</filename>
	<path>/Users/tung/Desktop/new_image_dataset/535_tung.jpg</path>
	<source>
		<database>Unknown</database>
	</source>
	<size>
		<width>720</width>
		<height>1280</height>
		<depth>3</depth>
	</size>
	<segmented>0</segmented>
	<object>
		<name>5</name>
		<pose>Unspecified</pose>
		<truncated>0</truncated>
		<difficult>0</difficult>
		<bndbox>
			<xmin>295</xmin>
			<ymin>480</ymin>
			<xmax>348</xmax>
			<ymax>582</ymax>
		</bndbox>
	</object>
	<object>
		<name>3</name>
		<pose>Unspecified</pose>
		<truncated>0</truncated>
		<difficult>0</difficult>
		<bndbox>
			<xmin>337</xmin>
			<ymin>482</ymin>
			<xmax>389</xmax>
			<ymax>580</ymax>
		</bndbox>
	</object>
	<object>
		<name>5</name>
		<pose>Unspecified</pose>
		<truncated>0</truncated>
		<difficult>0</difficult>
		<bndbox>
			<xmin>382</xmin>
			<ymin>488</ymin>
			<xmax>437</xmax>
			<ymax>586</ymax>
		</bndbox>
	</object>
</annotation>
