<annotation>
	<folder>new_image_dataset</folder>
	<filename>537_tung.jpg</filename>
	<path>/Users/tung/Desktop/new_image_dataset/537_tung.jpg</path>
	<source>
		<database>Unknown</database>
	</source>
	<size>
		<width>720</width>
		<height>1280</height>
		<depth>3</depth>
	</size>
	<segmented>0</segmented>
	<object>
		<name>5</name>
		<pose>Unspecified</pose>
		<truncated>0</truncated>
		<difficult>0</difficult>
		<bndbox>
			<xmin>86</xmin>
			<ymin>527</ymin>
			<xmax>150</xmax>
			<ymax>629</ymax>
		</bndbox>
	</object>
	<object>
		<name>3</name>
		<pose>Unspecified</pose>
		<truncated>0</truncated>
		<difficult>0</difficult>
		<bndbox>
			<xmin>144</xmin>
			<ymin>531</ymin>
			<xmax>197</xmax>
			<ymax>640</ymax>
		</bndbox>
	</object>
	<object>
		<name>7</name>
		<pose>Unspecified</pose>
		<truncated>0</truncated>
		<difficult>0</difficult>
		<bndbox>
			<xmin>201</xmin>
			<ymin>539</ymin>
			<xmax>255</xmax>
			<ymax>637</ymax>
		</bndbox>
	</object>
</annotation>
