<annotation>
	<folder>new_image_dataset</folder>
	<filename>543_tung.jpg</filename>
	<path>/Users/tung/Desktop/new_image_dataset/543_tung.jpg</path>
	<source>
		<database>Unknown</database>
	</source>
	<size>
		<width>720</width>
		<height>1280</height>
		<depth>3</depth>
	</size>
	<segmented>0</segmented>
	<object>
		<name>5</name>
		<pose>Unspecified</pose>
		<truncated>0</truncated>
		<difficult>0</difficult>
		<bndbox>
			<xmin>116</xmin>
			<ymin>367</ymin>
			<xmax>174</xmax>
			<ymax>491</ymax>
		</bndbox>
	</object>
	<object>
		<name>4</name>
		<pose>Unspecified</pose>
		<truncated>0</truncated>
		<difficult>0</difficult>
		<bndbox>
			<xmin>172</xmin>
			<ymin>365</ymin>
			<xmax>238</xmax>
			<ymax>493</ymax>
		</bndbox>
	</object>
	<object>
		<name>3</name>
		<pose>Unspecified</pose>
		<truncated>0</truncated>
		<difficult>0</difficult>
		<bndbox>
			<xmin>237</xmin>
			<ymin>374</ymin>
			<xmax>303</xmax>
			<ymax>491</ymax>
		</bndbox>
	</object>
</annotation>
