<annotation>
	<folder>new_image_dataset</folder>
	<filename>545_tung.jpg</filename>
	<path>/Users/tung/Desktop/new_image_dataset/545_tung.jpg</path>
	<source>
		<database>Unknown</database>
	</source>
	<size>
		<width>720</width>
		<height>1280</height>
		<depth>3</depth>
	</size>
	<segmented>0</segmented>
	<object>
		<name>5</name>
		<pose>Unspecified</pose>
		<truncated>0</truncated>
		<difficult>0</difficult>
		<bndbox>
			<xmin>161</xmin>
			<ymin>514</ymin>
			<xmax>223</xmax>
			<ymax>618</ymax>
		</bndbox>
	</object>
	<object>
		<name>4</name>
		<pose>Unspecified</pose>
		<truncated>0</truncated>
		<difficult>0</difficult>
		<bndbox>
			<xmin>227</xmin>
			<ymin>510</ymin>
			<xmax>272</xmax>
			<ymax>610</ymax>
		</bndbox>
	</object>
	<object>
		<name>5</name>
		<pose>Unspecified</pose>
		<truncated>0</truncated>
		<difficult>0</difficult>
		<bndbox>
			<xmin>272</xmin>
			<ymin>505</ymin>
			<xmax>321</xmax>
			<ymax>608</ymax>
		</bndbox>
	</object>
</annotation>
