<annotation>
	<folder>new_image_dataset</folder>
	<filename>565_tung.jpg</filename>
	<path>/Users/tung/Desktop/new_image_dataset/565_tung.jpg</path>
	<source>
		<database>Unknown</database>
	</source>
	<size>
		<width>720</width>
		<height>1280</height>
		<depth>3</depth>
	</size>
	<segmented>0</segmented>
	<object>
		<name>5</name>
		<pose>Unspecified</pose>
		<truncated>0</truncated>
		<difficult>0</difficult>
		<bndbox>
			<xmin>210</xmin>
			<ymin>522</ymin>
			<xmax>250</xmax>
			<ymax>633</ymax>
		</bndbox>
	</object>
	<object>
		<name>6</name>
		<pose>Unspecified</pose>
		<truncated>0</truncated>
		<difficult>0</difficult>
		<bndbox>
			<xmin>246</xmin>
			<ymin>529</ymin>
			<xmax>306</xmax>
			<ymax>627</ymax>
		</bndbox>
	</object>
	<object>
		<name>5</name>
		<pose>Unspecified</pose>
		<truncated>0</truncated>
		<difficult>0</difficult>
		<bndbox>
			<xmin>297</xmin>
			<ymin>542</ymin>
			<xmax>353</xmax>
			<ymax>633</ymax>
		</bndbox>
	</object>
</annotation>
