<annotation>
	<folder>new_image_dataset</folder>
	<filename>568_tung.jpg</filename>
	<path>/Users/tung/Desktop/new_image_dataset/568_tung.jpg</path>
	<source>
		<database>Unknown</database>
	</source>
	<size>
		<width>720</width>
		<height>1280</height>
		<depth>3</depth>
	</size>
	<segmented>0</segmented>
	<object>
		<name>5</name>
		<pose>Unspecified</pose>
		<truncated>0</truncated>
		<difficult>0</difficult>
		<bndbox>
			<xmin>204</xmin>
			<ymin>486</ymin>
			<xmax>267</xmax>
			<ymax>595</ymax>
		</bndbox>
	</object>
	<object>
		<name>6</name>
		<pose>Unspecified</pose>
		<truncated>0</truncated>
		<difficult>0</difficult>
		<bndbox>
			<xmin>259</xmin>
			<ymin>486</ymin>
			<xmax>308</xmax>
			<ymax>597</ymax>
		</bndbox>
	</object>
	<object>
		<name>8</name>
		<pose>Unspecified</pose>
		<truncated>0</truncated>
		<difficult>0</difficult>
		<bndbox>
			<xmin>308</xmin>
			<ymin>488</ymin>
			<xmax>384</xmax>
			<ymax>605</ymax>
		</bndbox>
	</object>
</annotation>
