<annotation>
	<folder>new_image_dataset</folder>
	<filename>572_tung.jpg</filename>
	<path>/Users/tung/Desktop/new_image_dataset/572_tung.jpg</path>
	<source>
		<database>Unknown</database>
	</source>
	<size>
		<width>720</width>
		<height>1280</height>
		<depth>3</depth>
	</size>
	<segmented>0</segmented>
	<object>
		<name>5</name>
		<pose>Unspecified</pose>
		<truncated>0</truncated>
		<difficult>0</difficult>
		<bndbox>
			<xmin>84</xmin>
			<ymin>420</ymin>
			<xmax>148</xmax>
			<ymax>527</ymax>
		</bndbox>
	</object>
	<object>
		<name>7</name>
		<pose>Unspecified</pose>
		<truncated>0</truncated>
		<difficult>0</difficult>
		<bndbox>
			<xmin>150</xmin>
			<ymin>423</ymin>
			<xmax>201</xmax>
			<ymax>520</ymax>
		</bndbox>
	</object>
	<object>
		<name>2</name>
		<pose>Unspecified</pose>
		<truncated>0</truncated>
		<difficult>0</difficult>
		<bndbox>
			<xmin>193</xmin>
			<ymin>423</ymin>
			<xmax>252</xmax>
			<ymax>544</ymax>
		</bndbox>
	</object>
</annotation>
