<annotation>
	<folder>new_image_dataset</folder>
	<filename>573_tung.jpg</filename>
	<path>/Users/tung/Desktop/new_image_dataset/573_tung.jpg</path>
	<source>
		<database>Unknown</database>
	</source>
	<size>
		<width>720</width>
		<height>1280</height>
		<depth>3</depth>
	</size>
	<segmented>0</segmented>
	<object>
		<name>5</name>
		<pose>Unspecified</pose>
		<truncated>0</truncated>
		<difficult>0</difficult>
		<bndbox>
			<xmin>187</xmin>
			<ymin>506</ymin>
			<xmax>267</xmax>
			<ymax>618</ymax>
		</bndbox>
	</object>
	<object>
		<name>7</name>
		<pose>Unspecified</pose>
		<truncated>0</truncated>
		<difficult>0</difficult>
		<bndbox>
			<xmin>253</xmin>
			<ymin>518</ymin>
			<xmax>304</xmax>
			<ymax>616</ymax>
		</bndbox>
	</object>
	<object>
		<name>3</name>
		<pose>Unspecified</pose>
		<truncated>0</truncated>
		<difficult>0</difficult>
		<bndbox>
			<xmin>303</xmin>
			<ymin>525</ymin>
			<xmax>355</xmax>
			<ymax>622</ymax>
		</bndbox>
	</object>
</annotation>
