<annotation>
	<folder>new_image_dataset</folder>
	<filename>575_tung.jpg</filename>
	<path>/Users/tung/Desktop/new_image_dataset/575_tung.jpg</path>
	<source>
		<database>Unknown</database>
	</source>
	<size>
		<width>720</width>
		<height>1280</height>
		<depth>3</depth>
	</size>
	<segmented>0</segmented>
	<object>
		<name>5</name>
		<pose>Unspecified</pose>
		<truncated>0</truncated>
		<difficult>0</difficult>
		<bndbox>
			<xmin>203</xmin>
			<ymin>471</ymin>
			<xmax>255</xmax>
			<ymax>584</ymax>
		</bndbox>
	</object>
	<object>
		<name>7</name>
		<pose>Unspecified</pose>
		<truncated>0</truncated>
		<difficult>0</difficult>
		<bndbox>
			<xmin>259</xmin>
			<ymin>474</ymin>
			<xmax>304</xmax>
			<ymax>578</ymax>
		</bndbox>
	</object>
	<object>
		<name>5</name>
		<pose>Unspecified</pose>
		<truncated>0</truncated>
		<difficult>0</difficult>
		<bndbox>
			<xmin>299</xmin>
			<ymin>484</ymin>
			<xmax>355</xmax>
			<ymax>589</ymax>
		</bndbox>
	</object>
</annotation>
