<annotation>
	<folder>new_image_dataset</folder>
	<filename>578_tung.jpg</filename>
	<path>/Users/tung/Desktop/new_image_dataset/578_tung.jpg</path>
	<source>
		<database>Unknown</database>
	</source>
	<size>
		<width>720</width>
		<height>1280</height>
		<depth>3</depth>
	</size>
	<segmented>0</segmented>
	<object>
		<name>5</name>
		<pose>Unspecified</pose>
		<truncated>0</truncated>
		<difficult>0</difficult>
		<bndbox>
			<xmin>233</xmin>
			<ymin>435</ymin>
			<xmax>280</xmax>
			<ymax>540</ymax>
		</bndbox>
	</object>
	<object>
		<name>7</name>
		<pose>Unspecified</pose>
		<truncated>0</truncated>
		<difficult>0</difficult>
		<bndbox>
			<xmin>282</xmin>
			<ymin>435</ymin>
			<xmax>331</xmax>
			<ymax>542</ymax>
		</bndbox>
	</object>
	<object>
		<name>8</name>
		<pose>Unspecified</pose>
		<truncated>0</truncated>
		<difficult>0</difficult>
		<bndbox>
			<xmin>331</xmin>
			<ymin>439</ymin>
			<xmax>393</xmax>
			<ymax>533</ymax>
		</bndbox>
	</object>
</annotation>
