<annotation>
	<folder>new_image_dataset</folder>
	<filename>580_tung.jpg</filename>
	<path>/Users/tung/Desktop/new_image_dataset/580_tung.jpg</path>
	<source>
		<database>Unknown</database>
	</source>
	<size>
		<width>720</width>
		<height>1280</height>
		<depth>3</depth>
	</size>
	<segmented>0</segmented>
	<object>
		<name>5</name>
		<pose>Unspecified</pose>
		<truncated>0</truncated>
		<difficult>0</difficult>
		<bndbox>
			<xmin>153</xmin>
			<ymin>518</ymin>
			<xmax>218</xmax>
			<ymax>616</ymax>
		</bndbox>
	</object>
	<object>
		<name>8</name>
		<pose>Unspecified</pose>
		<truncated>0</truncated>
		<difficult>0</difficult>
		<bndbox>
			<xmin>206</xmin>
			<ymin>522</ymin>
			<xmax>269</xmax>
			<ymax>623</ymax>
		</bndbox>
	</object>
	<object>
		<name>0</name>
		<pose>Unspecified</pose>
		<truncated>0</truncated>
		<difficult>0</difficult>
		<bndbox>
			<xmin>259</xmin>
			<ymin>523</ymin>
			<xmax>321</xmax>
			<ymax>635</ymax>
		</bndbox>
	</object>
</annotation>
