<annotation>
	<folder>new_image_dataset</folder>
	<filename>581_tung.jpg</filename>
	<path>/Users/tung/Desktop/new_image_dataset/581_tung.jpg</path>
	<source>
		<database>Unknown</database>
	</source>
	<size>
		<width>720</width>
		<height>1280</height>
		<depth>3</depth>
	</size>
	<segmented>0</segmented>
	<object>
		<name>5</name>
		<pose>Unspecified</pose>
		<truncated>0</truncated>
		<difficult>0</difficult>
		<bndbox>
			<xmin>229</xmin>
			<ymin>535</ymin>
			<xmax>272</xmax>
			<ymax>620</ymax>
		</bndbox>
	</object>
	<object>
		<name>8</name>
		<pose>Unspecified</pose>
		<truncated>0</truncated>
		<difficult>0</difficult>
		<bndbox>
			<xmin>269</xmin>
			<ymin>544</ymin>
			<xmax>329</xmax>
			<ymax>631</ymax>
		</bndbox>
	</object>
	<object>
		<name>1</name>
		<pose>Unspecified</pose>
		<truncated>0</truncated>
		<difficult>0</difficult>
		<bndbox>
			<xmin>321</xmin>
			<ymin>557</ymin>
			<xmax>389</xmax>
			<ymax>637</ymax>
		</bndbox>
	</object>
</annotation>
