<annotation>
	<folder>new_image_dataset</folder>
	<filename>591_tung.jpg</filename>
	<path>/Users/tung/Desktop/new_image_dataset/591_tung.jpg</path>
	<source>
		<database>Unknown</database>
	</source>
	<size>
		<width>720</width>
		<height>1280</height>
		<depth>3</depth>
	</size>
	<segmented>0</segmented>
	<object>
		<name>5</name>
		<pose>Unspecified</pose>
		<truncated>0</truncated>
		<difficult>0</difficult>
		<bndbox>
			<xmin>80</xmin>
			<ymin>506</ymin>
			<xmax>131</xmax>
			<ymax>595</ymax>
		</bndbox>
	</object>
	<object>
		<name>9</name>
		<pose>Unspecified</pose>
		<truncated>0</truncated>
		<difficult>0</difficult>
		<bndbox>
			<xmin>129</xmin>
			<ymin>503</ymin>
			<xmax>182</xmax>
			<ymax>593</ymax>
		</bndbox>
	</object>
	<object>
		<name>1</name>
		<pose>Unspecified</pose>
		<truncated>0</truncated>
		<difficult>0</difficult>
		<bndbox>
			<xmin>197</xmin>
			<ymin>501</ymin>
			<xmax>240</xmax>
			<ymax>591</ymax>
		</bndbox>
	</object>
</annotation>
