<annotation>
	<folder>new_image_dataset</folder>
	<filename>593_tung.jpg</filename>
	<path>/Users/tung/Desktop/new_image_dataset/593_tung.jpg</path>
	<source>
		<database>Unknown</database>
	</source>
	<size>
		<width>720</width>
		<height>1280</height>
		<depth>3</depth>
	</size>
	<segmented>0</segmented>
	<object>
		<name>5</name>
		<pose>Unspecified</pose>
		<truncated>0</truncated>
		<difficult>0</difficult>
		<bndbox>
			<xmin>148</xmin>
			<ymin>454</ymin>
			<xmax>214</xmax>
			<ymax>559</ymax>
		</bndbox>
	</object>
	<object>
		<name>9</name>
		<pose>Unspecified</pose>
		<truncated>0</truncated>
		<difficult>0</difficult>
		<bndbox>
			<xmin>208</xmin>
			<ymin>469</ymin>
			<xmax>261</xmax>
			<ymax>559</ymax>
		</bndbox>
	</object>
	<object>
		<name>3</name>
		<pose>Unspecified</pose>
		<truncated>0</truncated>
		<difficult>0</difficult>
		<bndbox>
			<xmin>259</xmin>
			<ymin>471</ymin>
			<xmax>321</xmax>
			<ymax>571</ymax>
		</bndbox>
	</object>
</annotation>
