<annotation>
	<folder>new_image_dataset</folder>
	<filename>597_tung.jpg</filename>
	<path>/Users/tung/Desktop/new_image_dataset/597_tung.jpg</path>
	<source>
		<database>Unknown</database>
	</source>
	<size>
		<width>720</width>
		<height>1280</height>
		<depth>3</depth>
	</size>
	<segmented>0</segmented>
	<object>
		<name>5</name>
		<pose>Unspecified</pose>
		<truncated>0</truncated>
		<difficult>0</difficult>
		<bndbox>
			<xmin>174</xmin>
			<ymin>580</ymin>
			<xmax>231</xmax>
			<ymax>705</ymax>
		</bndbox>
	</object>
	<object>
		<name>9</name>
		<pose>Unspecified</pose>
		<truncated>0</truncated>
		<difficult>0</difficult>
		<bndbox>
			<xmin>221</xmin>
			<ymin>580</ymin>
			<xmax>295</xmax>
			<ymax>710</ymax>
		</bndbox>
	</object>
	<object>
		<name>7</name>
		<pose>Unspecified</pose>
		<truncated>0</truncated>
		<difficult>0</difficult>
		<bndbox>
			<xmin>295</xmin>
			<ymin>569</ymin>
			<xmax>369</xmax>
			<ymax>710</ymax>
		</bndbox>
	</object>
</annotation>
