<annotation>
	<folder>new_image_dataset</folder>
	<filename>614_tung.jpg</filename>
	<path>/Users/tung/Desktop/new_image_dataset/614_tung.jpg</path>
	<source>
		<database>Unknown</database>
	</source>
	<size>
		<width>720</width>
		<height>1280</height>
		<depth>3</depth>
	</size>
	<segmented>0</segmented>
	<object>
		<name>6</name>
		<pose>Unspecified</pose>
		<truncated>0</truncated>
		<difficult>0</difficult>
		<bndbox>
			<xmin>153</xmin>
			<ymin>631</ymin>
			<xmax>246</xmax>
			<ymax>750</ymax>
		</bndbox>
	</object>
	<object>
		<name>1</name>
		<pose>Unspecified</pose>
		<truncated>0</truncated>
		<difficult>0</difficult>
		<bndbox>
			<xmin>253</xmin>
			<ymin>633</ymin>
			<xmax>301</xmax>
			<ymax>750</ymax>
		</bndbox>
	</object>
	<object>
		<name>4</name>
		<pose>Unspecified</pose>
		<truncated>0</truncated>
		<difficult>0</difficult>
		<bndbox>
			<xmin>293</xmin>
			<ymin>635</ymin>
			<xmax>357</xmax>
			<ymax>752</ymax>
		</bndbox>
	</object>
</annotation>
