<annotation>
	<folder>new_image_dataset</folder>
	<filename>627_tung.jpg</filename>
	<path>/Users/tung/Desktop/new_image_dataset/627_tung.jpg</path>
	<source>
		<database>Unknown</database>
	</source>
	<size>
		<width>720</width>
		<height>1280</height>
		<depth>3</depth>
	</size>
	<segmented>0</segmented>
	<object>
		<name>6</name>
		<pose>Unspecified</pose>
		<truncated>0</truncated>
		<difficult>0</difficult>
		<bndbox>
			<xmin>110</xmin>
			<ymin>374</ymin>
			<xmax>182</xmax>
			<ymax>484</ymax>
		</bndbox>
	</object>
	<object>
		<name>2</name>
		<pose>Unspecified</pose>
		<truncated>0</truncated>
		<difficult>0</difficult>
		<bndbox>
			<xmin>172</xmin>
			<ymin>386</ymin>
			<xmax>244</xmax>
			<ymax>499</ymax>
		</bndbox>
	</object>
	<object>
		<name>7</name>
		<pose>Unspecified</pose>
		<truncated>0</truncated>
		<difficult>0</difficult>
		<bndbox>
			<xmin>235</xmin>
			<ymin>395</ymin>
			<xmax>299</xmax>
			<ymax>505</ymax>
		</bndbox>
	</object>
</annotation>
