<annotation>
	<folder>new_image_dataset</folder>
	<filename>638_tung.jpg</filename>
	<path>/Users/tung/Desktop/new_image_dataset/638_tung.jpg</path>
	<source>
		<database>Unknown</database>
	</source>
	<size>
		<width>720</width>
		<height>1280</height>
		<depth>3</depth>
	</size>
	<segmented>0</segmented>
	<object>
		<name>6</name>
		<pose>Unspecified</pose>
		<truncated>0</truncated>
		<difficult>0</difficult>
		<bndbox>
			<xmin>38</xmin>
			<ymin>499</ymin>
			<xmax>106</xmax>
			<ymax>605</ymax>
		</bndbox>
	</object>
	<object>
		<name>3</name>
		<pose>Unspecified</pose>
		<truncated>0</truncated>
		<difficult>0</difficult>
		<bndbox>
			<xmin>108</xmin>
			<ymin>495</ymin>
			<xmax>157</xmax>
			<ymax>603</ymax>
		</bndbox>
	</object>
	<object>
		<name>8</name>
		<pose>Unspecified</pose>
		<truncated>0</truncated>
		<difficult>0</difficult>
		<bndbox>
			<xmin>157</xmin>
			<ymin>505</ymin>
			<xmax>218</xmax>
			<ymax>612</ymax>
		</bndbox>
	</object>
</annotation>
