<annotation>
	<folder>new_image_dataset</folder>
	<filename>642_tung.jpg</filename>
	<path>/Users/tung/Desktop/new_image_dataset/642_tung.jpg</path>
	<source>
		<database>Unknown</database>
	</source>
	<size>
		<width>720</width>
		<height>1280</height>
		<depth>3</depth>
	</size>
	<segmented>0</segmented>
	<object>
		<name>6</name>
		<pose>Unspecified</pose>
		<truncated>0</truncated>
		<difficult>0</difficult>
		<bndbox>
			<xmin>187</xmin>
			<ymin>593</ymin>
			<xmax>237</xmax>
			<ymax>701</ymax>
		</bndbox>
	</object>
	<object>
		<name>4</name>
		<pose>Unspecified</pose>
		<truncated>0</truncated>
		<difficult>0</difficult>
		<bndbox>
			<xmin>235</xmin>
			<ymin>586</ymin>
			<xmax>289</xmax>
			<ymax>691</ymax>
		</bndbox>
	</object>
	<object>
		<name>2</name>
		<pose>Unspecified</pose>
		<truncated>0</truncated>
		<difficult>0</difficult>
		<bndbox>
			<xmin>287</xmin>
			<ymin>586</ymin>
			<xmax>338</xmax>
			<ymax>697</ymax>
		</bndbox>
	</object>
</annotation>
