<annotation>
	<folder>new_image_dataset</folder>
	<filename>657_tung.jpg</filename>
	<path>/Users/tung/Desktop/new_image_dataset/657_tung.jpg</path>
	<source>
		<database>Unknown</database>
	</source>
	<size>
		<width>720</width>
		<height>1280</height>
		<depth>3</depth>
	</size>
	<segmented>0</segmented>
	<object>
		<name>6</name>
		<pose>Unspecified</pose>
		<truncated>0</truncated>
		<difficult>0</difficult>
		<bndbox>
			<xmin>214</xmin>
			<ymin>374</ymin>
			<xmax>269</xmax>
			<ymax>471</ymax>
		</bndbox>
	</object>
	<object>
		<name>5</name>
		<pose>Unspecified</pose>
		<truncated>0</truncated>
		<difficult>0</difficult>
		<bndbox>
			<xmin>261</xmin>
			<ymin>359</ymin>
			<xmax>306</xmax>
			<ymax>455</ymax>
		</bndbox>
	</object>
	<object>
		<name>7</name>
		<pose>Unspecified</pose>
		<truncated>0</truncated>
		<difficult>0</difficult>
		<bndbox>
			<xmin>295</xmin>
			<ymin>346</ymin>
			<xmax>355</xmax>
			<ymax>439</ymax>
		</bndbox>
	</object>
</annotation>
