<annotation>
	<folder>new_image_dataset</folder>
	<filename>692_tung.jpg</filename>
	<path>/Users/tung/Desktop/new_image_dataset/692_tung.jpg</path>
	<source>
		<database>Unknown</database>
	</source>
	<size>
		<width>720</width>
		<height>1280</height>
		<depth>3</depth>
	</size>
	<segmented>0</segmented>
	<object>
		<name>6</name>
		<pose>Unspecified</pose>
		<truncated>0</truncated>
		<difficult>0</difficult>
		<bndbox>
			<xmin>178</xmin>
			<ymin>661</ymin>
			<xmax>259</xmax>
			<ymax>801</ymax>
		</bndbox>
	</object>
	<object>
		<name>9</name>
		<pose>Unspecified</pose>
		<truncated>0</truncated>
		<difficult>0</difficult>
		<bndbox>
			<xmin>261</xmin>
			<ymin>659</ymin>
			<xmax>338</xmax>
			<ymax>791</ymax>
		</bndbox>
	</object>
	<object>
		<name>1</name>
		<pose>Unspecified</pose>
		<truncated>0</truncated>
		<difficult>0</difficult>
		<bndbox>
			<xmin>350</xmin>
			<ymin>657</ymin>
			<xmax>408</xmax>
			<ymax>797</ymax>
		</bndbox>
	</object>
</annotation>
