<annotation>
	<folder>image_dataset</folder>
	<filename>717_tung.jpg</filename>
	<path>/Users/tung/OneDrive - UWM/EE890_490/Project1_dataset/Che-Wei/image_dataset/717_tung.jpg</path>
	<source>
		<database>Unknown</database>
	</source>
	<size>
		<width>720</width>
		<height>1280</height>
		<depth>3</depth>
	</size>
	<segmented>0</segmented>
	<object>
		<name>7</name>
		<pose>Unspecified</pose>
		<truncated>0</truncated>
		<difficult>0</difficult>
		<bndbox>
			<xmin>227</xmin>
			<ymin>525</ymin>
			<xmax>321</xmax>
			<ymax>699</ymax>
		</bndbox>
	</object>
	<object>
		<name>1</name>
		<pose>Unspecified</pose>
		<truncated>0</truncated>
		<difficult>0</difficult>
		<bndbox>
			<xmin>350</xmin>
			<ymin>539</ymin>
			<xmax>395</xmax>
			<ymax>695</ymax>
		</bndbox>
	</object>
	<object>
		<name>7</name>
		<pose>Unspecified</pose>
		<truncated>0</truncated>
		<difficult>0</difficult>
		<bndbox>
			<xmin>412</xmin>
			<ymin>537</ymin>
			<xmax>474</xmax>
			<ymax>691</ymax>
		</bndbox>
	</object>
</annotation>
