<annotation>
	<folder>new_image_dataset</folder>
	<filename>728_tung.jpg</filename>
	<path>/Users/tung/Desktop/new_image_dataset/728_tung.jpg</path>
	<source>
		<database>Unknown</database>
	</source>
	<size>
		<width>720</width>
		<height>1280</height>
		<depth>3</depth>
	</size>
	<segmented>0</segmented>
	<object>
		<name>7</name>
		<pose>Unspecified</pose>
		<truncated>0</truncated>
		<difficult>0</difficult>
		<bndbox>
			<xmin>214</xmin>
			<ymin>561</ymin>
			<xmax>286</xmax>
			<ymax>661</ymax>
		</bndbox>
	</object>
	<object>
		<name>2</name>
		<pose>Unspecified</pose>
		<truncated>0</truncated>
		<difficult>0</difficult>
		<bndbox>
			<xmin>272</xmin>
			<ymin>537</ymin>
			<xmax>329</xmax>
			<ymax>655</ymax>
		</bndbox>
	</object>
	<object>
		<name>8</name>
		<pose>Unspecified</pose>
		<truncated>0</truncated>
		<difficult>0</difficult>
		<bndbox>
			<xmin>329</xmin>
			<ymin>512</ymin>
			<xmax>389</xmax>
			<ymax>646</ymax>
		</bndbox>
	</object>
</annotation>
