<annotation>
	<folder>image_dataset</folder>
	<filename>729_tung.jpg</filename>
	<path>/Users/tung/OneDrive - UWM/EE890_490/Project1_dataset/Che-Wei/image_dataset/729_tung.jpg</path>
	<source>
		<database>Unknown</database>
	</source>
	<size>
		<width>720</width>
		<height>1280</height>
		<depth>3</depth>
	</size>
	<segmented>0</segmented>
	<object>
		<name>7</name>
		<pose>Unspecified</pose>
		<truncated>0</truncated>
		<difficult>0</difficult>
		<bndbox>
			<xmin>314</xmin>
			<ymin>506</ymin>
			<xmax>357</xmax>
			<ymax>599</ymax>
		</bndbox>
	</object>
	<object>
		<name>2</name>
		<pose>Unspecified</pose>
		<truncated>0</truncated>
		<difficult>0</difficult>
		<bndbox>
			<xmin>359</xmin>
			<ymin>508</ymin>
			<xmax>391</xmax>
			<ymax>597</ymax>
		</bndbox>
	</object>
	<object>
		<name>9</name>
		<pose>Unspecified</pose>
		<truncated>0</truncated>
		<difficult>0</difficult>
		<bndbox>
			<xmin>393</xmin>
			<ymin>503</ymin>
			<xmax>433</xmax>
			<ymax>597</ymax>
		</bndbox>
	</object>
</annotation>
