<annotation>
	<folder>new_image_dataset</folder>
	<filename>739_tung.jpg</filename>
	<path>/Users/tung/Desktop/new_image_dataset/739_tung.jpg</path>
	<source>
		<database>Unknown</database>
	</source>
	<size>
		<width>720</width>
		<height>1280</height>
		<depth>3</depth>
	</size>
	<segmented>0</segmented>
	<object>
		<name>7</name>
		<pose>Unspecified</pose>
		<truncated>0</truncated>
		<difficult>0</difficult>
		<bndbox>
			<xmin>174</xmin>
			<ymin>493</ymin>
			<xmax>238</xmax>
			<ymax>610</ymax>
		</bndbox>
	</object>
	<object>
		<name>3</name>
		<pose>Unspecified</pose>
		<truncated>0</truncated>
		<difficult>0</difficult>
		<bndbox>
			<xmin>220</xmin>
			<ymin>478</ymin>
			<xmax>287</xmax>
			<ymax>595</ymax>
		</bndbox>
	</object>
	<object>
		<name>9</name>
		<pose>Unspecified</pose>
		<truncated>0</truncated>
		<difficult>0</difficult>
		<bndbox>
			<xmin>280</xmin>
			<ymin>452</ymin>
			<xmax>325</xmax>
			<ymax>569</ymax>
		</bndbox>
	</object>
</annotation>
