<annotation>
	<folder>new_image_dataset</folder>
	<filename>743_tung.jpg</filename>
	<path>/Users/tung/Desktop/new_image_dataset/743_tung.jpg</path>
	<source>
		<database>Unknown</database>
	</source>
	<size>
		<width>720</width>
		<height>1280</height>
		<depth>3</depth>
	</size>
	<segmented>0</segmented>
	<object>
		<name>7</name>
		<pose>Unspecified</pose>
		<truncated>0</truncated>
		<difficult>0</difficult>
		<bndbox>
			<xmin>221</xmin>
			<ymin>459</ymin>
			<xmax>278</xmax>
			<ymax>578</ymax>
		</bndbox>
	</object>
	<object>
		<name>4</name>
		<pose>Unspecified</pose>
		<truncated>0</truncated>
		<difficult>0</difficult>
		<bndbox>
			<xmin>265</xmin>
			<ymin>440</ymin>
			<xmax>333</xmax>
			<ymax>550</ymax>
		</bndbox>
	</object>
	<object>
		<name>3</name>
		<pose>Unspecified</pose>
		<truncated>0</truncated>
		<difficult>0</difficult>
		<bndbox>
			<xmin>327</xmin>
			<ymin>418</ymin>
			<xmax>369</xmax>
			<ymax>548</ymax>
		</bndbox>
	</object>
</annotation>
