<annotation>
	<folder>new_image_dataset</folder>
	<filename>745_tung.jpg</filename>
	<path>/Users/tung/Desktop/new_image_dataset/745_tung.jpg</path>
	<source>
		<database>Unknown</database>
	</source>
	<size>
		<width>720</width>
		<height>1280</height>
		<depth>3</depth>
	</size>
	<segmented>0</segmented>
	<object>
		<name>7</name>
		<pose>Unspecified</pose>
		<truncated>0</truncated>
		<difficult>0</difficult>
		<bndbox>
			<xmin>338</xmin>
			<ymin>391</ymin>
			<xmax>389</xmax>
			<ymax>522</ymax>
		</bndbox>
	</object>
	<object>
		<name>4</name>
		<pose>Unspecified</pose>
		<truncated>0</truncated>
		<difficult>0</difficult>
		<bndbox>
			<xmin>370</xmin>
			<ymin>448</ymin>
			<xmax>448</xmax>
			<ymax>537</ymax>
		</bndbox>
	</object>
	<object>
		<name>5</name>
		<pose>Unspecified</pose>
		<truncated>0</truncated>
		<difficult>0</difficult>
		<bndbox>
			<xmin>397</xmin>
			<ymin>474</ymin>
			<xmax>497</xmax>
			<ymax>563</ymax>
		</bndbox>
	</object>
</annotation>
