<annotation>
	<folder>new_image_dataset</folder>
	<filename>747_tung.jpg</filename>
	<path>/Users/tung/Desktop/new_image_dataset/747_tung.jpg</path>
	<source>
		<database>Unknown</database>
	</source>
	<size>
		<width>720</width>
		<height>1280</height>
		<depth>3</depth>
	</size>
	<segmented>0</segmented>
	<object>
		<name>7</name>
		<pose>Unspecified</pose>
		<truncated>0</truncated>
		<difficult>0</difficult>
		<bndbox>
			<xmin>214</xmin>
			<ymin>454</ymin>
			<xmax>278</xmax>
			<ymax>567</ymax>
		</bndbox>
	</object>
	<object>
		<name>4</name>
		<pose>Unspecified</pose>
		<truncated>0</truncated>
		<difficult>0</difficult>
		<bndbox>
			<xmin>267</xmin>
			<ymin>440</ymin>
			<xmax>323</xmax>
			<ymax>535</ymax>
		</bndbox>
	</object>
	<object>
		<name>7</name>
		<pose>Unspecified</pose>
		<truncated>0</truncated>
		<difficult>0</difficult>
		<bndbox>
			<xmin>306</xmin>
			<ymin>425</ymin>
			<xmax>369</xmax>
			<ymax>523</ymax>
		</bndbox>
	</object>
</annotation>
