<annotation>
	<folder>new_image_dataset</folder>
	<filename>749_tung.jpg</filename>
	<path>/Users/tung/Desktop/new_image_dataset/749_tung.jpg</path>
	<source>
		<database>Unknown</database>
	</source>
	<size>
		<width>720</width>
		<height>1280</height>
		<depth>3</depth>
	</size>
	<segmented>0</segmented>
	<object>
		<name>7</name>
		<pose>Unspecified</pose>
		<truncated>0</truncated>
		<difficult>0</difficult>
		<bndbox>
			<xmin>246</xmin>
			<ymin>501</ymin>
			<xmax>297</xmax>
			<ymax>618</ymax>
		</bndbox>
	</object>
	<object>
		<name>4</name>
		<pose>Unspecified</pose>
		<truncated>0</truncated>
		<difficult>0</difficult>
		<bndbox>
			<xmin>295</xmin>
			<ymin>501</ymin>
			<xmax>344</xmax>
			<ymax>614</ymax>
		</bndbox>
	</object>
	<object>
		<name>9</name>
		<pose>Unspecified</pose>
		<truncated>0</truncated>
		<difficult>0</difficult>
		<bndbox>
			<xmin>342</xmin>
			<ymin>501</ymin>
			<xmax>416</xmax>
			<ymax>625</ymax>
		</bndbox>
	</object>
</annotation>
