<annotation>
	<folder>new_image_dataset</folder>
	<filename>755_tung.jpg</filename>
	<path>/Users/tung/Desktop/new_image_dataset/755_tung.jpg</path>
	<source>
		<database>Unknown</database>
	</source>
	<size>
		<width>720</width>
		<height>1280</height>
		<depth>3</depth>
	</size>
	<segmented>0</segmented>
	<object>
		<name>7</name>
		<pose>Unspecified</pose>
		<truncated>0</truncated>
		<difficult>0</difficult>
		<bndbox>
			<xmin>252</xmin>
			<ymin>350</ymin>
			<xmax>316</xmax>
			<ymax>484</ymax>
		</bndbox>
	</object>
	<object>
		<name>5</name>
		<pose>Unspecified</pose>
		<truncated>0</truncated>
		<difficult>0</difficult>
		<bndbox>
			<xmin>320</xmin>
			<ymin>346</ymin>
			<xmax>374</xmax>
			<ymax>482</ymax>
		</bndbox>
	</object>
	<object>
		<name>5</name>
		<pose>Unspecified</pose>
		<truncated>0</truncated>
		<difficult>0</difficult>
		<bndbox>
			<xmin>378</xmin>
			<ymin>342</ymin>
			<xmax>440</xmax>
			<ymax>472</ymax>
		</bndbox>
	</object>
</annotation>
