<annotation>
	<folder>new_image_dataset</folder>
	<filename>772_tung.jpg</filename>
	<path>/Users/tung/Desktop/new_image_dataset/772_tung.jpg</path>
	<source>
		<database>Unknown</database>
	</source>
	<size>
		<width>720</width>
		<height>1280</height>
		<depth>3</depth>
	</size>
	<segmented>0</segmented>
	<object>
		<name>7</name>
		<pose>Unspecified</pose>
		<truncated>0</truncated>
		<difficult>0</difficult>
		<bndbox>
			<xmin>248</xmin>
			<ymin>469</ymin>
			<xmax>304</xmax>
			<ymax>546</ymax>
		</bndbox>
	</object>
	<object>
		<name>7</name>
		<pose>Unspecified</pose>
		<truncated>0</truncated>
		<difficult>0</difficult>
		<bndbox>
			<xmin>289</xmin>
			<ymin>457</ymin>
			<xmax>344</xmax>
			<ymax>522</ymax>
		</bndbox>
	</object>
	<object>
		<name>2</name>
		<pose>Unspecified</pose>
		<truncated>0</truncated>
		<difficult>0</difficult>
		<bndbox>
			<xmin>308</xmin>
			<ymin>422</ymin>
			<xmax>367</xmax>
			<ymax>510</ymax>
		</bndbox>
	</object>
</annotation>
