<annotation>
	<folder>new_image_dataset</folder>
	<filename>776_tung.jpg</filename>
	<path>/Users/tung/Desktop/new_image_dataset/776_tung.jpg</path>
	<source>
		<database>Unknown</database>
	</source>
	<size>
		<width>720</width>
		<height>1280</height>
		<depth>3</depth>
	</size>
	<segmented>0</segmented>
	<object>
		<name>7</name>
		<pose>Unspecified</pose>
		<truncated>0</truncated>
		<difficult>0</difficult>
		<bndbox>
			<xmin>261</xmin>
			<ymin>505</ymin>
			<xmax>323</xmax>
			<ymax>606</ymax>
		</bndbox>
	</object>
	<object>
		<name>7</name>
		<pose>Unspecified</pose>
		<truncated>0</truncated>
		<difficult>0</difficult>
		<bndbox>
			<xmin>310</xmin>
			<ymin>531</ymin>
			<xmax>369</xmax>
			<ymax>620</ymax>
		</bndbox>
	</object>
	<object>
		<name>6</name>
		<pose>Unspecified</pose>
		<truncated>0</truncated>
		<difficult>0</difficult>
		<bndbox>
			<xmin>342</xmin>
			<ymin>555</ymin>
			<xmax>416</xmax>
			<ymax>655</ymax>
		</bndbox>
	</object>
</annotation>
