<annotation>
	<folder>new_image_dataset</folder>
	<filename>796_tung.jpg</filename>
	<path>/Users/tung/Desktop/new_image_dataset/796_tung.jpg</path>
	<source>
		<database>Unknown</database>
	</source>
	<size>
		<width>720</width>
		<height>1280</height>
		<depth>3</depth>
	</size>
	<segmented>0</segmented>
	<object>
		<name>7</name>
		<pose>Unspecified</pose>
		<truncated>0</truncated>
		<difficult>0</difficult>
		<bndbox>
			<xmin>274</xmin>
			<ymin>342</ymin>
			<xmax>331</xmax>
			<ymax>459</ymax>
		</bndbox>
	</object>
	<object>
		<name>9</name>
		<pose>Unspecified</pose>
		<truncated>0</truncated>
		<difficult>0</difficult>
		<bndbox>
			<xmin>333</xmin>
			<ymin>335</ymin>
			<xmax>389</xmax>
			<ymax>469</ymax>
		</bndbox>
	</object>
	<object>
		<name>6</name>
		<pose>Unspecified</pose>
		<truncated>0</truncated>
		<difficult>0</difficult>
		<bndbox>
			<xmin>382</xmin>
			<ymin>335</ymin>
			<xmax>448</xmax>
			<ymax>459</ymax>
		</bndbox>
	</object>
</annotation>
