<annotation>
	<folder>new_image_dataset</folder>
	<filename>800_tung.jpg</filename>
	<path>/Users/tung/Desktop/new_image_dataset/800_tung.jpg</path>
	<source>
		<database>Unknown</database>
	</source>
	<size>
		<width>720</width>
		<height>1280</height>
		<depth>3</depth>
	</size>
	<segmented>0</segmented>
	<object>
		<name>8</name>
		<pose>Unspecified</pose>
		<truncated>0</truncated>
		<difficult>0</difficult>
		<bndbox>
			<xmin>263</xmin>
			<ymin>359</ymin>
			<xmax>329</xmax>
			<ymax>469</ymax>
		</bndbox>
	</object>
	<object>
		<name>0</name>
		<pose>Unspecified</pose>
		<truncated>0</truncated>
		<difficult>0</difficult>
		<bndbox>
			<xmin>325</xmin>
			<ymin>354</ymin>
			<xmax>389</xmax>
			<ymax>480</ymax>
		</bndbox>
	</object>
	<object>
		<name>0</name>
		<pose>Unspecified</pose>
		<truncated>0</truncated>
		<difficult>0</difficult>
		<bndbox>
			<xmin>376</xmin>
			<ymin>359</ymin>
			<xmax>450</xmax>
			<ymax>491</ymax>
		</bndbox>
	</object>
</annotation>
