<annotation>
	<folder>new_image_dataset</folder>
	<filename>802_tung.jpg</filename>
	<path>/Users/tung/Desktop/new_image_dataset/802_tung.jpg</path>
	<source>
		<database>Unknown</database>
	</source>
	<size>
		<width>720</width>
		<height>1280</height>
		<depth>3</depth>
	</size>
	<segmented>0</segmented>
	<object>
		<name>8</name>
		<pose>Unspecified</pose>
		<truncated>0</truncated>
		<difficult>0</difficult>
		<bndbox>
			<xmin>233</xmin>
			<ymin>357</ymin>
			<xmax>293</xmax>
			<ymax>472</ymax>
		</bndbox>
	</object>
	<object>
		<name>0</name>
		<pose>Unspecified</pose>
		<truncated>0</truncated>
		<difficult>0</difficult>
		<bndbox>
			<xmin>289</xmin>
			<ymin>342</ymin>
			<xmax>348</xmax>
			<ymax>486</ymax>
		</bndbox>
	</object>
	<object>
		<name>2</name>
		<pose>Unspecified</pose>
		<truncated>0</truncated>
		<difficult>0</difficult>
		<bndbox>
			<xmin>344</xmin>
			<ymin>344</ymin>
			<xmax>416</xmax>
			<ymax>484</ymax>
		</bndbox>
	</object>
</annotation>
