<annotation>
	<folder>image_dataset</folder>
	<filename>831_tung.jpg</filename>
	<path>/Users/tung/OneDrive - UWM/EE890_490/Project1_dataset/Che-Wei/image_dataset/831_tung.jpg</path>
	<source>
		<database>Unknown</database>
	</source>
	<size>
		<width>720</width>
		<height>1280</height>
		<depth>3</depth>
	</size>
	<segmented>0</segmented>
	<object>
		<name>8</name>
		<pose>Unspecified</pose>
		<truncated>0</truncated>
		<difficult>0</difficult>
		<bndbox>
			<xmin>229</xmin>
			<ymin>522</ymin>
			<xmax>295</xmax>
			<ymax>640</ymax>
		</bndbox>
	</object>
	<object>
		<name>3</name>
		<pose>Unspecified</pose>
		<truncated>0</truncated>
		<difficult>0</difficult>
		<bndbox>
			<xmin>293</xmin>
			<ymin>518</ymin>
			<xmax>340</xmax>
			<ymax>637</ymax>
		</bndbox>
	</object>
	<object>
		<name>1</name>
		<pose>Unspecified</pose>
		<truncated>0</truncated>
		<difficult>0</difficult>
		<bndbox>
			<xmin>378</xmin>
			<ymin>523</ymin>
			<xmax>416</xmax>
			<ymax>640</ymax>
		</bndbox>
	</object>
</annotation>
